_MEMBER_MyList,_LogP_MyList,GO,_PATTERN_,_RANK_,GiniIndex,Category,CategoryID,Description,PARENT_GO,LogP,Enrichment,Z-score,#TotalGeneInLibrary,#GeneInGO,#GeneInHitList,#GeneInGOAndHitList,%InGO,STDV %InGO,GeneID,Hits,Log(q-value),EvidenceCutoff
1,-7,M39111,M1,1,0,Cell Type Signatures,7,AIZARANI LIVER C7 EPCAM POS BILE DUCT CELLS 2,,-7,9.6,8.8,30169,219,143,10,7,2.1,595|999|2065|2263|2950|3576|4072|7422|25937|64065,CCND1|CDH1|ERBB3|FGFR2|GSTP1|CXCL8|EPCAM|VEGFA|WWTR1|PERP,-5.8,0
1,-6.5,M40024,M1,1,0,Cell Type Signatures,7,BUSSLINGER DUODENAL STEM CELLS,,-6.5,7.5,7.9,30169,311,143,11,7.7,2.2,595|1027|2353|2950|3146|3725|4072|5295|6125|26354|54894,CCND1|CDKN1B|FOS|GSTP1|HMGB1|JUN|EPCAM|PIK3R1|RPL5|GNL3|RNF43,-5.3,0
1,-6.4,M41700,M1,1,0,Cell Type Signatures,7,TRAVAGLINI LUNG OLR1 CLASSICAL MONOCYTE CELL,,-6.4,4.6,6.9,30169,726,143,16,11,2.6,1499|2067|2212|2353|2885|3569|3576|3845|4683|4790|4853|5879|6648|6714|6774|7422,CTNNB1|ERCC1|FCGR2A|FOS|GRB2|IL6|CXCL8|KRAS|NBN|NFKB1|NOTCH2|RAC1|SOD2|SRC|STAT3|VEGFA,-5.2,0
1,-6.4,M39060,M1,1,0,Cell Type Signatures,7,MANNO MIDBRAIN NEUROTYPES HPROGFPL,,-6.4,7.2,7.7,30169,323,143,11,7.7,2.2,580|595|672|675|701|1000|1017|3169|6119|7153|10413,BARD1|CCND1|BRCA1|BRCA2|BUB1B|CDH2|CDK2|FOXA1|RPA3|TOP2A|YAP1,-5.2,0
1,-5.9,M39061,M1,1,0,Cell Type Signatures,7,MANNO MIDBRAIN NEUROTYPES HPROGFPM,,-5.9,6.5,7.2,30169,356,143,11,7.7,2.2,595|672|675|701|2950|3146|3169|3667|6119|7153|10413,CCND1|BRCA1|BRCA2|BUB1B|GSTP1|HMGB1|FOXA1|IRS1|RPA3|TOP2A|YAP1,-4.8,0
1,-5.7,M39059,M1,1,0,Cell Type Signatures,7,MANNO MIDBRAIN NEUROTYPES HPROGBP,,-5.7,7,7.2,30169,300,143,10,7,2.1,595|672|675|701|1017|2950|4851|6119|7153|10413,CCND1|BRCA1|BRCA2|BUB1B|CDK2|GSTP1|NOTCH1|RPA3|TOP2A|YAP1,-4.6,0
1,-5.5,M39135,M1,1,0,Cell Type Signatures,7,AIZARANI LIVER C39 EPCAM POS BILE DUCT CELLS 4,,-5.5,9.2,7.7,30169,184,143,8,5.6,1.9,999|1956|2263|3576|4072|4790|6648|7422,CDH1|EGFR|FGFR2|CXCL8|EPCAM|NFKB1|SOD2|VEGFA,-4.4,0
1,-5.5,M39125,M1,1,0,Cell Type Signatures,7,AIZARANI LIVER C24 EPCAM POS BILE DUCT CELLS 3,,-5.5,9.1,7.6,30169,185,143,8,5.6,1.9,595|999|2065|2950|3576|4072|5879|64065,CCND1|CDH1|ERBB3|GSTP1|CXCL8|EPCAM|RAC1|PERP,-4.4,0
1,-5.4,M39108,M1,1,0,Cell Type Signatures,7,AIZARANI LIVER C4 EPCAM POS BILE DUCT CELLS 1,,-5.4,8.8,7.5,30169,191,143,8,5.6,1.9,999|1000|2065|2263|4072|7422|25937|64065,CDH1|CDH2|ERBB3|FGFR2|EPCAM|VEGFA|WWTR1|PERP,-4.3,0
1,-5.4,M39200,M1,1,0,Cell Type Signatures,7,HAY BONE MARROW IMMATURE NEUTROPHIL,,-5.4,8.7,7.4,30169,194,143,8,5.6,1.9,998|1499|2033|2212|2885|4853|5879|7422,CDC42|CTNNB1|EP300|FCGR2A|GRB2|NOTCH2|RAC1|VEGFA,-4.3,0
1,-4.8,M39208,M1,1,0,Cell Type Signatures,7,HAY BONE MARROW PRO B,,-4.8,6.2,6.3,30169,304,143,9,6.3,2,580|1029|3146|5888|5932|6598|6605|7153|10664,BARD1|CDKN2A|HMGB1|RAD51|RBBP8|SMARCB1|SMARCE1|TOP2A|CTCF,-3.8,0
1,-4.7,M41697,M1,1,0,Cell Type Signatures,7,TRAVAGLINI LUNG EREG DENDRITIC CELL,,-4.7,4.4,5.7,30169,579,143,12,8.4,2.3,1499|2067|2212|2353|2885|3576|4790|5879|5925|6648|6714|7422,CTNNB1|ERCC1|FCGR2A|FOS|GRB2|CXCL8|NFKB1|RAC1|RB1|SOD2|SRC|VEGFA,-3.6,0
1,-4.4,M40003,M1,1,0,Cell Type Signatures,7,BUSSLINGER ESOPHAGEAL EARLY SUPRABASAL CELLS,,-4.4,13,7.6,30169,79,143,5,3.5,1.5,2353|3146|6125|6240|7153,FOS|HMGB1|RPL5|RRM1|TOP2A,-3.4,0
1,-4.4,M39228,M1,1,0,Cell Type Signatures,7,LAKE ADULT KIDNEY C9 THIN ASCENDING LIMB,,-4.4,6.3,6,30169,268,143,8,5.6,1.9,2950|4072|4982|5879|5932|6125|6648|23451,GSTP1|EPCAM|TNFRSF11B|RAC1|RBBP8|RPL5|SOD2|SF3B1,-3.4,0
1,-4.3,M39054,M1,1,0,Cell Type Signatures,7,MANNO MIDBRAIN NEUROTYPES HRGL2B,,-4.3,4.8,5.5,30169,440,143,10,7,2.1,580|672|701|1956|2353|3725|4851|4853|4982|10413,BARD1|BRCA1|BUB1B|EGFR|FOS|JUN|NOTCH1|NOTCH2|TNFRSF11B|YAP1,-3.3,0
1,-4.2,M40069,M1,1,0,Cell Type Signatures,7,DESCARTES MAIN FETAL MEGAKARYOCYTES,,-4.2,7.1,6.1,30169,207,143,7,4.9,1.8,1950|4149|6714|7040|8821|9488|81027,EGF|MAX|SRC|TGFB1|INPP4B|PIGB|TUBB1,-3.2,0
1,-4.2,M40010,M1,1,0,Cell Type Signatures,7,BUSSLINGER GASTRIC ISTHMUS CELLS,,-4.2,4.6,5.4,30169,458,143,10,7,2.1,595|999|2950|3146|4072|5879|7153|9611|26354|64065,CCND1|CDH1|GSTP1|HMGB1|EPCAM|RAC1|TOP2A|NCOR1|GNL3|PERP,-3.2,0
1,-4.1,M39256,M1,1,0,Cell Type Signatures,7,MENON FETAL KIDNEY 6 COLLECTING DUCT CELLS,,-4.1,11,6.8,30169,94,143,5,3.5,1.5,2353|2625|2950|3725|4072,FOS|GATA3|GSTP1|JUN|EPCAM,-3.1,0
1,-3.9,M39058,M1,1,0,Cell Type Signatures,7,MANNO MIDBRAIN NEUROTYPES HPROGM,,-3.9,5.5,5.5,30169,307,143,8,5.6,1.9,595|672|701|3169|3667|6119|7153|10413,CCND1|BRCA1|BUB1B|FOXA1|IRS1|RPA3|TOP2A|YAP1,-3,0
1,-3.9,M39202,M1,1,0,Cell Type Signatures,7,HAY BONE MARROW NAIVE T CELL,,-3.9,4.7,5.2,30169,403,143,9,6.3,2,472|596|1027|2625|3932|5295|6125|6774|8821,ATM|BCL2|CDKN1B|GATA3|LCK|PIK3R1|RPL5|STAT3|INPP4B,-2.9,0
1,-3.8,M39096,M1,1,0,Cell Type Signatures,7,ZHONG PFC C1 OPC,,-3.8,6.2,5.6,30169,238,143,7,4.9,1.8,580|672|701|3146|5888|7153|11200,BARD1|BRCA1|BUB1B|HMGB1|RAD51|TOP2A|CHEK2,-2.9,0
1,-3.8,M40175,M1,1,0,Cell Type Signatures,7,DESCARTES FETAL EYE CORNEAL AND CONJUNCTIVAL EPITHELIAL CELLS,,-3.8,6.1,5.5,30169,243,143,7,4.9,1.8,1029|2064|2706|3169|3576|4072|64065,CDKN2A|ERBB2|GJB2|FOXA1|CXCL8|EPCAM|PERP,-2.8,0
1,-3.7,M39245,M1,1,0,Cell Type Signatures,7,LAKE ADULT KIDNEY C26 MESANGIAL CELLS,,-3.7,7.2,5.7,30169,177,143,6,4.2,1.7,2353|2625|3725|5728|8821|10000,FOS|GATA3|JUN|PTEN|INPP4B|AKT3,-2.7,0
1,-3.5,M40009,M1,1,0,Cell Type Signatures,7,BUSSLINGER GASTRIC PPP1R1B POSITIVE CELLS,,-3.5,8.7,5.9,30169,121,143,5,3.5,1.5,2353|2950|3725|4072|6125,FOS|GSTP1|JUN|EPCAM|RPL5,-2.6,0
1,-3.4,M39052,M1,1,0,Cell Type Signatures,7,MANNO MIDBRAIN NEUROTYPES HOPC,,-3.4,4.6,4.8,30169,366,143,8,5.6,1.9,580|701|1956|2065|2534|3479|4214|7156,BARD1|BUB1B|EGFR|ERBB3|FYN|IGF1|MAP3K1|TOP3A,-2.5,0
1,-3.4,M39227,M1,1,0,Cell Type Signatures,7,LAKE ADULT KIDNEY C8 DECENDING THIN LIMB,,-3.4,5.3,5,30169,278,143,7,4.9,1.8,2950|3146|4072|4982|6125|6648|23451,GSTP1|HMGB1|EPCAM|TNFRSF11B|RPL5|SOD2|SF3B1,-2.5,0
1,-3.4,M39175,M1,1,0,Cell Type Signatures,7,MURARO PANCREAS MESENCHYMAL STROMAL CELL,,-3.4,3.4,4.4,30169,680,143,11,7.7,2.2,1019|1499|2534|3146|3569|4149|4851|4853|5054|10413|25937,CDK4|CTNNB1|FYN|HMGB1|IL6|MAX|NOTCH1|NOTCH2|SERPINE1|YAP1|WWTR1,-2.5,0
1,-3.4,M39056,M1,1,0,Cell Type Signatures,7,MANNO MIDBRAIN NEUROTYPES HRGL3,,-3.4,3.7,4.5,30169,574,143,10,7,2.1,2353|3169|3667|3725|4853|4982|6774|7040|10413|25937,FOS|FOXA1|IRS1|JUN|NOTCH2|TNFRSF11B|STAT3|TGFB1|YAP1|WWTR1,-2.4,0
1,-3.3,M39264,M1,1,0,Cell Type Signatures,7,HU FETAL RETINA FIBROBLAST,,-3.3,4.4,4.6,30169,385,143,8,5.6,1.9,1956|2260|2263|2353|3659|3725|4853|25937,EGFR|FGFR1|FGFR2|FOS|IRF1|JUN|NOTCH2|WWTR1,-2.4,0
1,-3.2,M41691,M1,1,0,Cell Type Signatures,7,TRAVAGLINI LUNG PLATELET MEGAKARYOCYTE CELL,,-3.2,3.5,4.3,30169,604,143,10,7,2.1,2950|3146|4072|4149|5291|5879|6117|6714|7040|81027,GSTP1|HMGB1|EPCAM|MAX|PIK3CB|RAC1|RPA1|SRC|TGFB1|TUBB1,-2.3,0
1,-3.1,M39224,M1,1,0,Cell Type Signatures,7,LAKE ADULT KIDNEY C5 PROXIMAL TUBULE EPITHELIAL CELLS STRESS INFLAM,,-3.1,4,4.3,30169,417,143,8,5.6,1.9,596|1387|2353|3146|4835|5465|9611|23091,BCL2|CREBBP|FOS|HMGB1|NQO2|PPARA|NCOR1|ZC3H13,-2.1,0
1,-3.1,M39246,M1,1,0,Cell Type Signatures,7,LAKE ADULT KIDNEY C27 VASCULAR SMOOTH MUSCLE CELLS AND PERICYTES,,-3.1,6.8,5,30169,155,143,5,3.5,1.5,2353|3725|5728|8821|10000,FOS|JUN|PTEN|INPP4B|AKT3,-2.1,0
1,-3,M39237,M1,1,0,Cell Type Signatures,7,LAKE ADULT KIDNEY C18 COLLECTING DUCT PRINCIPAL CELLS MEDULLA,,-3,4.6,4.5,30169,322,143,7,4.9,1.8,2625|2950|4072|5932|6125|6648|23451,GATA3|GSTP1|EPCAM|RBBP8|RPL5|SOD2|SF3B1,-2.1,0
1,-3,M39250,M1,1,0,Cell Type Signatures,7,MENON FETAL KIDNEY 0 CAP MESENCHYME CELLS,,-3,9.4,5.5,30169,90,143,4,2.8,1.4,1108|3146|7153|23091,CHD4|HMGB1|TOP2A|ZC3H13,-2.1,0
1,-3,M39105,M1,1,0,Cell Type Signatures,7,AIZARANI LIVER C1 NK NKT CELLS 1,,-3,6.7,5,30169,157,143,5,3.5,1.5,472|2534|3932|5295|5594,ATM|FYN|LCK|PIK3R1|MAPK1,-2.1,0
1,-3,M39053,M1,1,0,Cell Type Signatures,7,MANNO MIDBRAIN NEUROTYPES HRGL2C,,-3,4.5,4.4,30169,326,143,7,4.9,1.8,1432|1956|2065|4214|4851|5291|8850,MAPK14|EGFR|ERBB3|MAP3K1|NOTCH1|PIK3CB|KAT2B,-2.1,0
1,-3,M39236,M1,1,0,Cell Type Signatures,7,LAKE ADULT KIDNEY C17 COLLECTING SYSTEM PCS STRESSED DISSOC SUBSET,,-3,5.3,4.6,30169,240,143,6,4.2,1.7,2353|3725|5599|6774|10000|25937,FOS|JUN|MAPK8|STAT3|AKT3|WWTR1,-2.1,0
1,-3,M41710,M1,1,0,Cell Type Signatures,7,FAN OVARY CL8 MATURE CUMULUS GRANULOSA CELL 2,,-3,3.3,4,30169,646,143,10,7,2.1,1000|1174|1499|2067|2950|3146|6119|6598|7422|10413,CDH2|AP1S1|CTNNB1|ERCC1|GSTP1|HMGB1|RPA3|SMARCB1|VEGFA|YAP1,-2.1,0
1,-3,M39107,M1,1,0,Cell Type Signatures,7,AIZARANI LIVER C3 NK NKT CELLS 2,,-3,6.5,4.9,30169,162,143,5,3.5,1.5,596|2534|2625|3932|8821,BCL2|FYN|GATA3|LCK|INPP4B,-2.1,0
1,-2.9,M39077,M1,1,0,Cell Type Signatures,7,ZHONG PFC MAJOR TYPES MICROGLIA,,-2.9,3.9,4.2,30169,438,143,8,5.6,1.9,472|595|2212|2214|2353|3479|3725|5925,ATM|CCND1|FCGR2A|FCGR3A|FOS|IGF1|JUN|RB1,-2,0
1,-2.9,M39127,M1,1,0,Cell Type Signatures,7,AIZARANI LIVER C28 NK NKT CELLS 6,,-2.9,8.5,5.2,30169,99,143,4,2.8,1.4,2534|2625|4790|5295,FYN|GATA3|NFKB1|PIK3R1,-2,0
1,-2.8,M39229,M1,1,0,Cell Type Signatures,7,LAKE ADULT KIDNEY C10 THIN ASCENDING LIMB,,-2.8,4.2,4.2,30169,353,143,7,4.9,1.8,2950|4072|5781|6125|6648|6774|23451,GSTP1|EPCAM|PTPN11|RPL5|SOD2|STAT3|SF3B1,-1.9,0
1,-2.8,M40239,M1,1,0,Cell Type Signatures,7,DESCARTES FETAL LUNG MEGAKARYOCYTES,,-2.8,6,4.6,30169,176,143,5,3.5,1.5,1950|4149|6714|7040|81027,EGF|MAX|SRC|TGFB1|TUBB1,-1.9,0
1,-2.8,M39176,M1,1,0,Cell Type Signatures,7,MURARO PANCREAS ENDOTHELIAL CELL,,-2.8,4.1,4.1,30169,362,143,7,4.9,1.8,595|1499|3146|4851|5054|5925|25937,CCND1|CTNNB1|HMGB1|NOTCH1|SERPINE1|RB1|WWTR1,-1.9,0
1,-2.7,M39057,M1,1,0,Cell Type Signatures,7,MANNO MIDBRAIN NEUROTYPES HRGL1,,-2.7,4.1,4,30169,364,143,7,4.9,1.8,672|3169|3667|4851|4853|4982|10413,BRCA1|FOXA1|IRS1|NOTCH1|NOTCH2|TNFRSF11B|YAP1,-1.9,0
1,-2.7,M40191,M1,1,0,Cell Type Signatures,7,DESCARTES FETAL HEART MEGAKARYOCYTES,,-2.7,7.6,4.8,30169,111,143,4,2.8,1.4,1950|5054|6714|81027,EGF|SERPINE1|SRC|TUBB1,-1.8,0
1,-2.7,M39022,M1,1,0,Cell Type Signatures,7,FAN EMBRYONIC CTX BIG GROUPS MICROGLIA,,-2.7,4,4,30169,371,143,7,4.9,1.8,595|2212|2214|2353|3479|3725|5925,CCND1|FCGR2A|FCGR3A|FOS|IGF1|JUN|RB1,-1.8,0
1,-2.7,M39305,M1,1,0,Cell Type Signatures,7,CUI DEVELOPING HEART C8 MACROPHAGE,,-2.7,4.6,4.1,30169,275,143,6,4.2,1.7,2212|2214|2885|3576|5925|6648,FCGR2A|FCGR3A|GRB2|CXCL8|RB1|SOD2,-1.8,0
1,-2.6,M40026,M1,1,0,Cell Type Signatures,7,BUSSLINGER DUODENAL TRANSIT AMPLIFYING CELLS,,-2.6,5.4,4.3,30169,194,143,5,3.5,1.5,2950|3146|4072|6125|7153,GSTP1|HMGB1|EPCAM|RPL5|TOP2A,-1.7,0
1,-2.6,M39266,M1,1,0,Cell Type Signatures,7,HU FETAL RETINA MICROGLIA,,-2.6,3.9,3.9,30169,382,143,7,4.9,1.8,2212|2214|2353|2885|3576|5879|5925,FCGR2A|FCGR3A|FOS|GRB2|CXCL8|RAC1|RB1,-1.7,0
1,-2.6,M39271,M1,1,0,Cell Type Signatures,7,HU FETAL RETINA RPE,,-2.6,4.3,4,30169,292,143,6,4.2,1.7,2263|2950|4853|7422|10413|25937,FGFR2|GSTP1|NOTCH2|VEGFA|YAP1|WWTR1,-1.7,0
1,-2.6,M41692,M1,1,0,Cell Type Signatures,7,TRAVAGLINI LUNG MACROPHAGE CELL,,-2.6,5.2,4.2,30169,201,143,5,3.5,1.5,2212|3569|3576|5879|6648,FCGR2A|IL6|CXCL8|RAC1|SOD2,-1.7,0
1,-2.5,M41675,M1,1,0,Cell Type Signatures,7,TRAVAGLINI LUNG ADVENTITIAL FIBROBLAST CELL,,-2.5,4.3,3.9,30169,296,143,6,4.2,1.7,25|2260|2353|3479|3725|7422,ABL1|FGFR1|FOS|IGF1|JUN|VEGFA,-1.7,0
1,-2.5,M39251,M1,1,0,Cell Type Signatures,7,MENON FETAL KIDNEY 1 EMBRYONIC RED BLOOD CELLS,,-2.5,6.7,4.4,30169,126,143,4,2.8,1.4,2353|3725|6125|7153,FOS|JUN|RPL5|TOP2A,-1.6,0
1,-2.5,M41687,M1,1,0,Cell Type Signatures,7,TRAVAGLINI LUNG PROLIFERATING NK T CELL,,-2.5,6.5,4.4,30169,129,143,4,2.8,1.4,675|3146|6119|7153,BRCA2|HMGB1|RPA3|TOP2A,-1.6,0
1,-2.5,M41716,M1,1,0,Cell Type Signatures,7,FAN OVARY CL14 MATURE SMOOTH MUSCLE CELL,,-2.5,4.1,3.8,30169,306,143,6,4.2,1.7,2353|2950|3146|3659|3725|5879,FOS|GSTP1|HMGB1|IRF1|JUN|RAC1,-1.6,0
1,-2.4,M39124,M1,1,0,Cell Type Signatures,7,AIZARANI LIVER C23 KUPFFER CELLS 3,,-2.4,4.8,3.9,30169,221,143,5,3.5,1.5,2212|2885|3576|5728|6648,FCGR2A|GRB2|CXCL8|PTEN|SOD2,-1.5,0
1,-2.3,M40002,M1,1,0,Cell Type Signatures,7,BUSSLINGER ESOPHAGEAL PROLIFERATING BASAL CELLS,,-2.3,9,4.6,30169,70,143,3,2.1,1.2,3146|6125|7153,HMGB1|RPL5|TOP2A,-1.5,0
1,-2.3,M39235,M1,1,0,Cell Type Signatures,7,LAKE ADULT KIDNEY C16 COLLECTING SYSTEM PRINCIPAL CELLS CORTEX,,-2.3,6,4.1,30169,141,143,4,2.8,1.4,2625|5932|10000|25937,GATA3|RBBP8|AKT3|WWTR1,-1.5,0
1,-2.3,M39238,M1,1,0,Cell Type Signatures,7,LAKE ADULT KIDNEY C19 COLLECTING DUCT INTERCALATED CELLS TYPE A MEDULLA,,-2.3,3.9,3.6,30169,326,143,6,4.2,1.7,2950|4072|5932|6125|6648|23451,GSTP1|EPCAM|RBBP8|RPL5|SOD2|SF3B1,-1.5,0
1,-2.3,M39078,M1,1,0,Cell Type Signatures,7,ZHONG PFC MAJOR TYPES NPCS,,-2.3,5.9,4.1,30169,142,143,4,2.8,1.4,4851|6119|6240|7153,NOTCH1|RPA3|RRM1|TOP2A,-1.5,0
1,-2.3,M39129,M1,1,0,Cell Type Signatures,7,AIZARANI LIVER C30 HEPATOCYTES 4,,-2.3,3.3,3.4,30169,446,143,7,4.9,1.8,367|1565|2065|5465|6774|7422|23091,AR|CYP2D6|ERBB3|PPARA|STAT3|VEGFA|ZC3H13,-1.4,0
1,-2.2,M39243,M1,1,0,Cell Type Signatures,7,LAKE ADULT KIDNEY C24 ENDOTHELIAL CELLS AEA AND DVR,,-2.2,5.6,3.9,30169,152,143,4,2.8,1.4,2353|6125|10000|25937,FOS|RPL5|AKT3|WWTR1,-1.4,0
1,-2.2,M41751,M1,1,0,Cell Type Signatures,7,RUBENSTEIN SKELETAL MUSCLE MYELOID CELLS,,-2.2,3.6,3.4,30169,347,143,6,4.2,1.7,998|2214|2353|2950|3576|6648,CDC42|FCGR3A|FOS|GSTP1|CXCL8|SOD2,-1.3,0
1,-2.2,M39041,M1,1,0,Cell Type Signatures,7,FAN EMBRYONIC CTX MICROGLIA 1,,-2.2,5.4,3.8,30169,155,143,4,2.8,1.4,580|675|701|7153,BARD1|BRCA2|BUB1B|TOP2A,-1.3,0
1,-2.2,M41706,M1,1,0,Cell Type Signatures,7,FAN OVARY CL4 T LYMPHOCYTE NK CELL 1,,-2.2,4.3,3.6,30169,246,143,5,3.5,1.5,998|2534|3659|5295|7040,CDC42|FYN|IRF1|PIK3R1|TGFB1,-1.3,0
1,-2.2,M40231,M1,1,0,Cell Type Signatures,7,DESCARTES FETAL LIVER MEGAKARYOCYTES,,-2.2,5.3,3.8,30169,159,143,4,2.8,1.4,1950|6714|7040|81027,EGF|SRC|TGFB1|TUBB1,-1.3,0
1,-2.1,M39103,M1,1,0,Cell Type Signatures,7,ZHONG PFC C1 MICROGLIA,,-2.1,4.1,3.4,30169,257,143,5,3.5,1.5,580|675|3146|6119|7153,BARD1|BRCA2|HMGB1|RPA3|TOP2A,-1.2,0
1,-2.1,M40012,M1,1,0,Cell Type Signatures,7,BUSSLINGER GASTRIC IMMATURE PIT CELLS,,-2.1,5.1,3.7,30169,165,143,4,2.8,1.4,595|2950|5879|64065,CCND1|GSTP1|RAC1|PERP,-1.2,0
1,-2.1,M39247,M1,1,0,Cell Type Signatures,7,LAKE ADULT KIDNEY C28 INTERSTITIUM,,-2.1,7.4,4.1,30169,86,143,3,2.1,1.2,5728|8821|10000,PTEN|INPP4B|AKT3,-1.2,0
1,-2.1,M41711,M1,1,0,Cell Type Signatures,7,FAN OVARY CL9 PUTATIVE APOPTOTIC ENDOTHELIAL CELL,,-2.1,3.5,3.3,30169,365,143,6,4.2,1.7,3659|4149|5879|6648|6774|25937,IRF1|MAX|RAC1|SOD2|STAT3|WWTR1,-1.2,0
1,-2.1,M39174,M1,1,0,Cell Type Signatures,7,MURARO PANCREAS ACINAR CELL,,-2.1,2.6,3,30169,731,143,9,6.3,2,999|1956|2065|2950|3576|3725|3845|6648|10413,CDH1|EGFR|ERBB3|GSTP1|CXCL8|JUN|KRAS|SOD2|YAP1,-1.2,0
1,-2.1,M39230,M1,1,0,Cell Type Signatures,7,LAKE ADULT KIDNEY C11 THIN ASCENDING LIMB,,-2.1,5,3.6,30169,169,143,4,2.8,1.4,6648|10413|10499|25836,SOD2|YAP1|NCOA2|NIPBL,-1.2,0
1,-2,M39258,M1,1,0,Cell Type Signatures,7,MENON FETAL KIDNEY 8 CONNECTING TUBULE CELLS,,-2,4,3.3,30169,267,143,5,3.5,1.5,2064|2625|4072|5295|23091,ERBB2|GATA3|EPCAM|PIK3R1|ZC3H13,-1.2,0
1,-2,M41699,M1,1,0,Cell Type Signatures,7,TRAVAGLINI LUNG CLASSICAL MONOCYTE CELL,,-2,3.9,3.3,30169,270,143,5,3.5,1.5,2212|2353|4214|4853|5879,FCGR2A|FOS|MAP3K1|NOTCH2|RAC1,-1.2,0
