_MEMBER_MyList,_LogP_MyList,GO,_PATTERN_,_RANK_,GiniIndex,Category,CategoryID,Description,PARENT_GO,LogP,Enrichment,Z-score,#TotalGeneInLibrary,#GeneInGO,#GeneInHitList,#GeneInGOAndHitList,%InGO,STDV %InGO,GeneID,Hits,Log(q-value),EvidenceCutoff
1,-3.9,PGB:00082,M1,1,0,PaGenBase,36,Cell-specific: Breast cell,,-3.9,15,7.3,30169,55,143,4,2.8,1.4,999|2353|2625|3169,CDH1|FOS|GATA3|FOXA1,-2.9,0
1,-3.7,PGB:00120,M1,1,0,PaGenBase,36,Cell-specific: Cardiac Myocytes,,-3.7,14,7,30169,60,143,4,2.8,1.4,1000|3569|5054|25937,CDH2|IL6|SERPINE1|WWTR1,-2.8,0
1,-3.1,PGB:00027,M1,1,0,PaGenBase,36,Cell-specific: K562,,-3.1,3.7,4.2,30169,515,143,9,6.3,2,25|2212|2214|3479|4853|7157|7389|7422|64065,ABL1|FCGR2A|FCGR3A|IGF1|NOTCH2|TP53|UROD|VEGFA|PERP,-2.2,0
1,-3,PGB:00101,M1,1,0,PaGenBase,36,Tissue-specific: Colorectal adenocarcinoma,,-3,15,6.4,30169,41,143,3,2.1,1.2,595|2248|7153,CCND1|FGF3|TOP2A,-2.1,0
1,-3,PGB:00041,M1,1,0,PaGenBase,36,Tissue-specific: Blood,,-3,5.3,4.6,30169,239,143,6,4.2,1.7,841|1432|2212|3659|5728|83990,CASP8|MAPK14|FCGR2A|IRF1|PTEN|BRIP1,-2.1,0
1,-2.8,PGB:00015,M1,1,0,PaGenBase,36,Tissue-specific: Smooth Muscle,,-2.8,8.2,5,30169,103,143,4,2.8,1.4,1000|3569|3576|5054,CDH2|IL6|CXCL8|SERPINE1,-1.9,0
1,-2.7,PGB:00047,M1,1,0,PaGenBase,36,Cell-specific: THY+,,-2.7,7.6,4.8,30169,111,143,4,2.8,1.4,2099|3576|4763|6714,ESR1|CXCL8|NF1|SRC,-1.8,0
1,-2.7,PGB:00031,M1,1,0,PaGenBase,36,Cell-specific: HUVEC,,-2.7,4,4,30169,372,143,7,4.9,1.8,595|1174|2068|5054|5599|5888|7156,CCND1|AP1S1|ERCC2|SERPINE1|MAPK8|RAD51|TOP3A,-1.8,0
1,-2.4,PGB:00034,M1,1,0,PaGenBase,36,Cell-specific: OVR278E,,-2.4,6.4,4.3,30169,131,143,4,2.8,1.4,2064|2263|3667|11200,ERBB2|FGFR2|IRS1|CHEK2,-1.6,0
1,-2.4,PGB:00036,M1,1,0,PaGenBase,36,Cell-specific: MOLT4,,-2.4,6.2,4.2,30169,137,143,4,2.8,1.4,2625|3932|5426|5925,GATA3|LCK|POLE|RB1,-1.5,0
1,-2.4,PGB:00081,M1,1,0,PaGenBase,36,Cell-specific: Bronchial Epithelial Cells,,-2.4,6.2,4.2,30169,137,143,4,2.8,1.4,1956|2706|3667|64065,EGFR|GJB2|IRS1|PERP,-1.5,0
1,-2.2,PGB:00065,M1,1,0,PaGenBase,36,Tissue-specific: Breast,,-2.2,5.6,3.9,30169,150,143,4,2.8,1.4,367|2064|3725|5728,AR|ERBB2|JUN|PTEN,-1.4,0
