_MEMBER_MyList,_LogP_MyList,GO,_PATTERN_,_RANK_,GiniIndex,Category,CategoryID,Description,PARENT_GO,LogP,Enrichment,Z-score,#TotalGeneInLibrary,#GeneInGO,#GeneInHitList,#GeneInGOAndHitList,%InGO,STDV %InGO,GeneID,Hits,Log(q-value),EvidenceCutoff
1,-26,TRR01419,M1,1,0,TRRUST,34,Regulated by: TP53,,-26,28,24,30169,175,143,23,16,3.1,207|595|596|672|675|1017|1019|1027|1499|1956|2099|2950|4194|4790|5728|5925|5970|6774|7157|7422|10498|11200|64065,AKT1|CCND1|BCL2|BRCA1|BRCA2|CDK2|CDK4|CDKN1B|CTNNB1|EGFR|ESR1|GSTP1|MDM4|NFKB1|PTEN|RB1|RELA|STAT3|TP53|VEGFA|CARM1|CHEK2|PERP,-24,0
1,-22,TRR00275,M1,1,0,TRRUST,34,Regulated by: ESR1,,-22,41,26,30169,87,143,17,12,2.7,367|595|596|641|672|999|1019|1027|1499|1956|2099|2353|3717|3725|5054|7157|7422,AR|CCND1|BCL2|BLM|BRCA1|CDH1|CDK4|CDKN1B|CTNNB1|EGFR|ESR1|FOS|JAK2|JUN|SERPINE1|TP53|VEGFA,-20,0
1,-22,TRR00230,M1,1,0,TRRUST,34,Regulated by: E2F1,,-22,28,22,30169,142,143,19,13,2.8,367|472|595|596|672|1029|1387|2067|2260|5054|5599|5888|5925|6240|7153|7157|7422|7515|11200,AR|ATM|CCND1|BCL2|BRCA1|CDKN2A|CREBBP|ERCC1|FGFR1|SERPINE1|MAPK8|RAD51|RB1|RRM1|TOP2A|TP53|VEGFA|XRCC1|CHEK2,-20,0
1,-21,TRR01158,M1,1,0,TRRUST,34,Regulated by: RELA,,-21,15,18,30169,333,143,24,17,3.1,207|367|595|596|675|999|1019|1956|2625|2950|3569|3576|3659|4072|4790|5054|5465|5728|6648|6774|7157|7422|9611|10498,AKT1|AR|CCND1|BCL2|BRCA2|CDH1|CDK4|EGFR|GATA3|GSTP1|IL6|CXCL8|IRF1|EPCAM|NFKB1|SERPINE1|PPARA|PTEN|SOD2|STAT3|TP53|VEGFA|NCOR1|CARM1,-19,0
1,-21,TRR01256,M1,1,0,TRRUST,34,Regulated by: SP1,,-21,11,16,30169,523,143,28,20,3.3,367|472|595|596|672|1000|1019|1027|1029|1950|1956|2064|2099|2260|2353|2625|2950|3569|4763|4790|4835|5054|5728|5970|6648|6714|7040|7422,AR|ATM|CCND1|BCL2|BRCA1|CDH2|CDK4|CDKN1B|CDKN2A|EGF|EGFR|ERBB2|ESR1|FGFR1|FOS|GATA3|GSTP1|IL6|NF1|NFKB1|NQO2|SERPINE1|PTEN|RELA|SOD2|SRC|TGFB1|VEGFA,-19,0
1,-21,TRR00875,M1,1,0,TRRUST,34,Regulated by: NFKB1,,-21,15,18,30169,339,143,24,17,3.1,207|367|595|596|675|999|1019|1956|2625|2950|3569|3576|3659|4072|4790|5054|5728|6648|7040|7157|7422|9611|10498|10664,AKT1|AR|CCND1|BCL2|BRCA2|CDH1|CDK4|EGFR|GATA3|GSTP1|IL6|CXCL8|IRF1|EPCAM|NFKB1|SERPINE1|PTEN|SOD2|TGFB1|TP53|VEGFA|NCOR1|CARM1|CTCF,-19,0
1,-19,TRR01277,M1,1,0,TRRUST,34,Regulated by: STAT3,,-19,24,20,30169,161,143,18,13,2.8,207|367|595|596|999|1019|1027|1956|2353|3569|3576|3659|3717|5465|5728|7040|7157|7422,AKT1|AR|CCND1|BCL2|CDH1|CDK4|CDKN1B|EGFR|FOS|IL6|CXCL8|IRF1|JAK2|PPARA|PTEN|TGFB1|TP53|VEGFA,-17,0
1,-18,TRR00075,M1,1,0,TRRUST,34,Regulated by: BRCA1,,-18,46,24,30169,59,143,13,9.1,2.4,472|595|675|1027|1956|2033|2099|2353|3479|3717|6774|7422|83990,ATM|CCND1|BRCA2|CDKN1B|EGFR|EP300|ESR1|FOS|IGF1|JAK2|STAT3|VEGFA|BRIP1,-16,0
1,-18,TRR00011,M1,1,0,TRRUST,34,Regulated by: AR,,-18,30,21,30169,106,143,15,10,2.6,207|999|1000|1499|1956|2033|2064|2065|3169|3725|4790|5469|5728|5970|7422,AKT1|CDH1|CDH2|CTNNB1|EGFR|EP300|ERBB2|ERBB3|FOXA1|JUN|NFKB1|MED1|PTEN|RELA|VEGFA,-16,0
1,-16,TRR00466,M1,1,0,TRRUST,34,Regulated by: HDAC1,,-16,34,20,30169,81,143,13,9.1,2.4,367|595|675|999|1029|1956|2099|2353|3576|4072|4790|6774|7157,AR|CCND1|BRCA2|CDH1|CDKN2A|EGFR|ESR1|FOS|CXCL8|EPCAM|NFKB1|STAT3|TP53,-14,0
1,-14,TRR00645,M1,1,0,TRRUST,34,Regulated by: JUN,,-14,19,16,30169,171,143,15,10,2.6,367|595|672|1956|2950|3569|3576|3725|4214|5170|5465|5599|6648|7157|7422,AR|CCND1|BRCA1|EGFR|GSTP1|IL6|CXCL8|JUN|MAP3K1|PDPK1|PPARA|MAPK8|SOD2|TP53|VEGFA,-13,0
1,-14,TRR00270,M1,1,0,TRRUST,34,Regulated by: EP300,,-14,37,20,30169,62,143,11,7.7,2.2,595|672|1387|2064|3479|3569|3576|4790|5888|5970|7422,CCND1|BRCA1|CREBBP|ERBB2|IGF1|IL6|CXCL8|NFKB1|RAD51|RELA|VEGFA,-13,0
1,-13,TRR01437,M1,1,0,TRRUST,34,Regulated by: TWIST1,,-13,51,21,30169,37,143,9,6.3,2,472|596|999|1000|2065|2099|2353|4763|5594,ATM|BCL2|CDH1|CDH2|ERBB3|ESR1|FOS|NF1|MAPK1,-11,0
1,-13,TRR00780,M1,1,0,TRRUST,34,Regulated by: MYC,,-13,23,16,30169,111,143,12,8.4,2.3,595|596|1017|1019|1387|2033|3569|3845|5594|7157|7422|11200,CCND1|BCL2|CDK2|CDK4|CREBBP|EP300|IL6|KRAS|MAPK1|TP53|VEGFA|CHEK2,-11,0
1,-13,TRR01012,M1,1,0,TRRUST,34,Regulated by: PARP1,,-13,65,23,30169,26,143,8,5.6,1.9,596|675|999|3725|4790|5054|5970|6598,BCL2|BRCA2|CDH1|JUN|NFKB1|SERPINE1|RELA|SMARCB1,-11,0
1,-11,TRR00198,M1,1,0,TRRUST,34,Regulated by: DNMT1,,-11,50,20,30169,34,143,8,5.6,1.9,841|999|1029|2099|4072|5925|7157|7422,CASP8|CDH1|CDKN2A|ESR1|EPCAM|RB1|TP53|VEGFA,-10,0
1,-10,TRR00130,M1,1,0,TRRUST,34,Regulated by: CREBBP,,-10,55,19,30169,27,143,7,4.9,1.8,672|1956|2033|3659|5465|5888|7157,BRCA1|EGFR|EP300|IRF1|PPARA|RAD51|TP53,-9,0
1,-10,TRR00253,M1,1,0,TRRUST,34,Regulated by: EGR1,,-10,21,14,30169,99,143,10,7,2.1,367|595|1956|2033|3569|3576|4790|5728|7157|7422,AR|CCND1|EGFR|EP300|IL6|CXCL8|NFKB1|PTEN|TP53|VEGFA,-8.9,0
1,-10,TRR01029,M1,1,0,TRRUST,34,Regulated by: PGR,,-10,53,19,30169,28,143,7,4.9,1.8,595|596|1956|2064|2099|5970|7422,CCND1|BCL2|EGFR|ERBB2|ESR1|RELA|VEGFA,-8.9,0
1,-9.8,TRR01400,M1,1,0,TRRUST,34,Regulated by: TFAP2A,,-9.8,24,14,30169,79,143,9,6.3,2,596|999|1956|2064|3169|3569|5728|6648|7422,BCL2|CDH1|EGFR|ERBB2|FOXA1|IL6|PTEN|SOD2|VEGFA,-8.5,0
1,-9.5,TRR01150,M1,1,0,TRRUST,34,Regulated by: RB1,,-9.5,41,17,30169,36,143,7,4.9,1.8,672|999|2260|2353|3479|5925|7422,BRCA1|CDH1|FGFR1|FOS|IGF1|RB1|VEGFA,-8.1,0
1,-9.5,TRR01546,M1,1,0,TRRUST,34,Regulated by: YBX1,,-9.5,41,17,30169,36,143,7,4.9,1.8,367|999|1956|2064|2065|5932|7153,AR|CDH1|EGFR|ERBB2|ERBB3|RBBP8|TOP2A,-8.1,0
1,-9,TRR00015,M1,1,0,TRRUST,34,Regulated by: ARNT,,-9,55,18,30169,23,143,6,4.2,1.7,672|1017|2099|2353|3725|7422,BRCA1|CDK2|ESR1|FOS|JUN|VEGFA,-7.7,0
1,-9,TRR00756,M1,1,0,TRRUST,34,Regulated by: MEN1,,-9,96,22,30169,11,143,5,3.5,1.5,672|841|1027|2625|5888,BRCA1|CASP8|CDKN1B|GATA3|RAD51,-7.7,0
1,-8.9,TRR00484,M1,1,0,TRRUST,34,Regulated by: HIF1A,,-8.9,19,13,30169,99,143,9,6.3,2,367|595|999|2068|5054|5290|5465|6774|7422,AR|CCND1|CDH1|ERCC2|SERPINE1|PIK3CA|PPARA|STAT3|VEGFA,-7.6,0
1,-8.9,TRR01529,M1,1,0,TRRUST,34,Regulated by: WT1,,-8.9,25,14,30169,68,143,8,5.6,1.9,367|596|999|1956|3479|3725|7422|10664,AR|BCL2|CDH1|EGFR|IGF1|JUN|VEGFA|CTCF,-7.6,0
1,-8.8,TRR00125,M1,1,0,TRRUST,34,Regulated by: CREB1,,-8.8,18,12,30169,104,143,9,6.3,2,367|596|841|2064|2353|3169|3569|3725|4763,AR|BCL2|CASP8|ERBB2|FOS|FOXA1|IL6|JUN|NF1,-7.4,0
1,-8.7,TRR00769,M1,1,0,TRRUST,34,Regulated by: MTA1,,-8.7,49,17,30169,26,143,6,4.2,1.7,672|999|1029|1956|2099|5728,BRCA1|CDH1|CDKN2A|EGFR|ESR1|PTEN,-7.4,0
1,-8.7,TRR01438,M1,1,0,TRRUST,34,Regulated by: TWIST2,,-8.7,49,17,30169,26,143,6,4.2,1.7,472|999|1000|2065|2353|4763,ATM|CDH1|CDH2|ERBB3|FOS|NF1,-7.4,0
1,-8.6,TRR00068,M1,1,0,TRRUST,34,Regulated by: BCL3,,-8.6,1.7e+02,26,30169,5,143,4,2.8,1.4,1956|4790|5970|10664,EGFR|NFKB1|RELA|CTCF,-7.3,0
1,-8.6,TRR00339,M1,1,0,TRRUST,34,Regulated by: FHL2,,-8.6,1.7e+02,26,30169,5,143,4,2.8,1.4,595|1027|4790|5970,CCND1|CDKN1B|NFKB1|RELA,-7.3,0
1,-8.6,TRR00889,M1,1,0,TRRUST,34,Regulated by: NKX3-1,,-8.6,81,20,30169,13,143,5,3.5,1.5,367|595|2099|2353|7422,AR|CCND1|ESR1|FOS|VEGFA,-7.3,0
1,-8.5,TRR01519,M1,1,0,TRRUST,34,Regulated by: VDR,,-8.5,31,14,30169,48,143,7,4.9,1.8,999|1027|1956|2064|3569|3576|9611,CDH1|CDKN1B|EGFR|ERBB2|IL6|CXCL8|NCOR1,-7.2,0
1,-8.1,TRR01254,M1,1,0,TRRUST,34,Regulated by: SOX6,,-8.1,1.4e+02,24,30169,6,143,4,2.8,1.4,595|1019|1499|7157,CCND1|CDK4|CTNNB1|TP53,-6.9,0
1,-8,TRR00601,M1,1,0,TRRUST,34,Regulated by: ING4,,-8,66,18,30169,16,143,5,3.5,1.5,595|596|1027|3576|7157,CCND1|BCL2|CDKN1B|CXCL8|TP53,-6.8,0
1,-7.7,TRR00474,M1,1,0,TRRUST,34,Regulated by: HDAC9,,-7.7,59,17,30169,18,143,5,3.5,1.5,1029|2099|4790|5970|7157,CDKN2A|ESR1|NFKB1|RELA|TP53,-6.5,0
1,-7.6,TRR00342,M1,1,0,TRRUST,34,Regulated by: FOS,,-7.6,23,12,30169,64,143,7,4.9,1.8,595|2353|2950|3169|3576|4790|7157,CCND1|FOS|GSTP1|FOXA1|CXCL8|NFKB1|TP53,-6.4,0
1,-7.6,TRR01548,M1,1,0,TRRUST,34,Regulated by: YY1,,-7.6,17,11,30169,99,143,8,5.6,1.9,672|1387|1956|2064|4763|7156|7157|10664,BRCA1|CREBBP|EGFR|ERBB2|NF1|TOP3A|TP53|CTCF,-6.4,0
1,-7.4,TRR00362,M1,1,0,TRRUST,34,Regulated by: FOXM1,,-7.4,50,16,30169,21,143,5,3.5,1.5,367|999|1029|7422|83990,AR|CDH1|CDKN2A|VEGFA|BRIP1,-6.1,0
1,-7.4,TRR01538,M1,1,0,TRRUST,34,Regulated by: XBP1,,-7.4,50,16,30169,21,143,5,3.5,1.5,2099|3569|3576|6648|7422,ESR1|IL6|CXCL8|SOD2|VEGFA,-6.1,0
1,-7.3,TRR00276,M1,1,0,TRRUST,34,Regulated by: ESR2,,-7.3,48,15,30169,22,143,5,3.5,1.5,675|2353|3725|5054|7422,BRCA2|FOS|JUN|SERPINE1|VEGFA,-6,0
1,-7.3,TRR01047,M1,1,0,TRRUST,34,Regulated by: PML,,-7.3,48,15,30169,22,143,5,3.5,1.5,595|1956|2033|7157|10499,CCND1|EGFR|EP300|TP53|NCOA2,-6,0
1,-7.2,TRR00290,M1,1,0,TRRUST,34,Regulated by: EZH2,,-7.2,29,13,30169,44,143,6,4.2,1.7,595|672|999|1029|5728|7157,CCND1|BRCA1|CDH1|CDKN2A|PTEN|TP53,-6,0
1,-7.2,TRR01521,M1,1,0,TRRUST,34,Regulated by: VHL,,-7.2,46,15,30169,23,143,5,3.5,1.5,367|595|1027|7157|7422,AR|CCND1|CDKN1B|TP53|VEGFA,-5.9,0
1,-7.1,TRR01062,M1,1,0,TRRUST,34,Regulated by: PPARG,,-7.1,19,11,30169,77,143,7,4.9,1.8,595|596|1956|4982|5054|5728|7157,CCND1|BCL2|EGFR|TNFRSF11B|SERPINE1|PTEN|TP53,-5.9,0
1,-7,TRR00674,M1,1,0,TRRUST,34,Regulated by: KLF4,,-7,27,12,30169,47,143,6,4.2,1.7,595|999|1027|3569|7157|7422,CCND1|CDH1|CDKN1B|IL6|TP53|VEGFA,-5.8,0
1,-7,TRR00138,M1,1,0,TRRUST,34,Regulated by: CTNNB1,,-7,42,14,30169,25,143,5,3.5,1.5,367|595|3725|5925|10499,AR|CCND1|JUN|RB1|NCOA2,-5.8,0
1,-7,TRR00233,M1,1,0,TRRUST,34,Regulated by: E2F4,,-7,42,14,30169,25,143,5,3.5,1.5,367|595|672|1017|5888,AR|CCND1|BRCA1|CDK2|RAD51,-5.8,0
1,-6.9,TRR01393,M1,1,0,TRRUST,34,Regulated by: TCF4,,-6.9,41,14,30169,26,143,5,3.5,1.5,595|596|3725|5728|7422,CCND1|BCL2|JUN|PTEN|VEGFA,-5.7,0
1,-6.9,TRR01225,M1,1,0,TRRUST,34,Regulated by: SIRT1,,-6.9,25,12,30169,50,143,6,4.2,1.7,595|999|1499|4683|4851|7157,CCND1|CDH1|CTNNB1|NBN|NOTCH1|TP53,-5.7,0
1,-6.8,TRR00515,M1,1,0,TRRUST,34,Regulated by: HOXB7,,-6.8,77,17,30169,11,143,4,2.8,1.4,595|1027|1956|7422,CCND1|CDKN1B|EGFR|VEGFA,-5.6,0
1,-6.8,TRR01260,M1,1,0,TRRUST,34,Regulated by: SP4,,-6.8,77,17,30169,11,143,4,2.8,1.4,595|2064|4790|5970,CCND1|ERBB2|NFKB1|RELA,-5.6,0
1,-6.8,TRR01259,M1,1,0,TRRUST,34,Regulated by: SP3,,-6.8,13,9.6,30169,126,143,8,5.6,1.9,595|1000|1029|2064|3569|4790|5970|7422,CCND1|CDH2|CDKN2A|ERBB2|IL6|NFKB1|RELA|VEGFA,-5.6,0
1,-6.7,TRR00470,M1,1,0,TRRUST,34,Regulated by: HDAC3,,-6.7,38,13,30169,28,143,5,3.5,1.5,999|1029|1956|3725|7422,CDH1|CDKN2A|EGFR|JUN|VEGFA,-5.5,0
1,-6.6,TRR01239,M1,1,0,TRRUST,34,Regulated by: SMARCA4,,-6.6,70,17,30169,12,143,4,2.8,1.4,595|999|1029|2353,CCND1|CDH1|CDKN2A|FOS,-5.5,0
1,-6.4,TRR01275,M1,1,0,TRRUST,34,Regulated by: STAT1,,-6.4,16,9.8,30169,95,143,7,4.9,1.8,1956|3569|3659|3717|5465|6774|7157,EGFR|IL6|IRF1|JAK2|PPARA|STAT3|TP53,-5.3,0
1,-6.4,TRR01156,M1,1,0,TRRUST,34,Regulated by: RBPJ,,-6.4,1.6e+02,22,30169,4,143,3,2.1,1.2,3569|4790|5728,IL6|NFKB1|PTEN,-5.2,0
1,-6.1,TRR00023,M1,1,0,TRRUST,34,Regulated by: ATF2,,-6.1,29,12,30169,36,143,5,3.5,1.5,595|3630|3725|4214|5970,CCND1|INS|JUN|MAP3K1|RELA,-5,0
1,-6.1,TRR00647,M1,1,0,TRRUST,34,Regulated by: JUND,,-6.1,29,12,30169,37,143,5,3.5,1.5,595|2064|3569|4835|7040,CCND1|ERBB2|IL6|NQO2|TGFB1,-4.9,0
1,-6,TRR01416,M1,1,0,TRRUST,34,Regulated by: TNFAIP3,,-6,1.3e+02,19,30169,5,143,3,2.1,1.2,3725|4790|5970,JUN|NFKB1|RELA,-4.9,0
1,-6,TRR01508,M1,1,0,TRRUST,34,Regulated by: UHRF1,,-6,1.3e+02,19,30169,5,143,3,2.1,1.2,5925|7153|7422,RB1|TOP2A|VEGFA,-4.9,0
1,-6,TRR01575,M1,1,0,TRRUST,34,Regulated by: ZNF24,,-6,1.3e+02,19,30169,5,143,3,2.1,1.2,595|1499|7422,CCND1|CTNNB1|VEGFA,-4.9,0
1,-6,TRR01577,M1,1,0,TRRUST,34,Regulated by: ZNF300,,-6,1.3e+02,19,30169,5,143,3,2.1,1.2,1027|3569|3576,CDKN1B|IL6|CXCL8,-4.9,0
1,-6,TRR01382,M1,1,0,TRRUST,34,Regulated by: TBP,,-6,50,14,30169,17,143,4,2.8,1.4,596|2353|3569|4763,BCL2|FOS|IL6|NF1,-4.8,0
1,-5.7,TRR00412,M1,1,0,TRRUST,34,Regulated by: GATA3,,-5.7,25,11,30169,43,143,5,3.5,1.5,999|2099|2625|4790|5970,CDH1|ESR1|GATA3|NFKB1|RELA,-4.6,0
1,-5.7,TRR01172,M1,1,0,TRRUST,34,Regulated by: RUNX1,,-5.7,25,11,30169,43,143,5,3.5,1.5,3725|4763|4790|5970|7422,JUN|NF1|NFKB1|RELA|VEGFA,-4.6,0
1,-5.7,TRR01512,M1,1,0,TRRUST,34,Regulated by: USF1,,-5.7,16,9.3,30169,78,143,6,4.2,1.7,675|4790|5054|5970|7040|7156,BRCA2|NFKB1|SERPINE1|RELA|TGFB1|TOP3A,-4.6,0
1,-5.7,TRR00421,M1,1,0,TRRUST,34,Regulated by: GLI1,,-5.7,42,13,30169,20,143,4,2.8,1.4,207|596|1017|3725,AKT1|BCL2|CDK2|JUN,-4.6,0
1,-5.7,TRR00900,M1,1,0,TRRUST,34,Regulated by: NR1H4,,-5.7,42,13,30169,20,143,4,2.8,1.4,3630|4790|5970|7422,INS|NFKB1|RELA|VEGFA,-4.6,0
1,-5.6,TRR00346,M1,1,0,TRRUST,34,Regulated by: FOXA1,,-5.6,40,12,30169,21,143,4,2.8,1.4,596|672|2099|4763,BCL2|BRCA1|ESR1|NF1,-4.5,0
1,-5.4,TRR00660,M1,1,0,TRRUST,34,Regulated by: KDM4B,,-5.4,90,16,30169,7,143,3,2.1,1.2,367|595|2099,AR|CCND1|ESR1,-4.4,0
1,-5.4,TRR00665,M1,1,0,TRRUST,34,Regulated by: KLF10,,-5.4,90,16,30169,7,143,3,2.1,1.2,1956|2260|5054,EGFR|FGFR1|SERPINE1,-4.4,0
1,-5.4,TRR01018,M1,1,0,TRRUST,34,Regulated by: PAX5,,-5.4,37,12,30169,23,143,4,2.8,1.4,595|596|5925|7157,CCND1|BCL2|RB1|TP53,-4.3,0
1,-5.3,TRR00908,M1,1,0,TRRUST,34,Regulated by: NR3C1,,-5.3,20,9.5,30169,53,143,5,3.5,1.5,595|672|1019|4790|7157,CCND1|BRCA1|CDK4|NFKB1|TP53,-4.2,0
1,-5.2,TRR00528,M1,1,0,TRRUST,34,Regulated by: HSF2,,-5.2,79,15,30169,8,143,3,2.1,1.2,2353|5599|6416,FOS|MAPK8|MAP2K4,-4.2,0
1,-5.2,TRR01281,M1,1,0,TRRUST,34,Regulated by: STAT5B,,-5.2,79,15,30169,8,143,3,2.1,1.2,595|2099|3479,CCND1|ESR1|IGF1,-4.2,0
1,-5.2,TRR01560,M1,1,0,TRRUST,34,Regulated by: ZFP36,,-5.2,79,15,30169,8,143,3,2.1,1.2,3569|3576|7422,IL6|CXCL8|VEGFA,-4.2,0
1,-5.1,TRR00004,M1,1,0,TRRUST,34,Regulated by: AHR,,-5.1,31,11,30169,27,143,4,2.8,1.4,595|672|2353|3569,CCND1|BRCA1|FOS|IL6,-4,0
1,-5.1,TRR00852,M1,1,0,TRRUST,34,Regulated by: NCOA3,,-5.1,70,14,30169,9,143,3,2.1,1.2,596|672|2064,BCL2|BRCA1|ERBB2,-4,0
1,-5.1,TRR00855,M1,1,0,TRRUST,34,Regulated by: NCOR1,,-5.1,70,14,30169,9,143,3,2.1,1.2,367|2099|3479,AR|ESR1|IGF1,-4,0
1,-4.9,TRR01580,M1,1,0,TRRUST,34,Regulated by: ZNF382,,-4.9,63,14,30169,10,143,3,2.1,1.2,3725|4790|6774,JUN|NFKB1|STAT3,-3.9,0
1,-4.8,TRR01236,M1,1,0,TRRUST,34,Regulated by: SMAD4,,-4.8,26,9.9,30169,32,143,4,2.8,1.4,596|3725|5054|7040,BCL2|JUN|SERPINE1|TGFB1,-3.8,0
1,-4.8,TRR00002,M1,1,0,TRRUST,34,Regulated by: ABL1,,-4.8,58,13,30169,11,143,3,2.1,1.2,596|3725|7157,BCL2|JUN|TP53,-3.7,0
1,-4.7,TRR00469,M1,1,0,TRRUST,34,Regulated by: HDAC2,,-4.7,26,9.7,30169,33,143,4,2.8,1.4,999|3479|3576|7422,CDH1|IGF1|CXCL8|VEGFA,-3.7,0
1,-4.7,TRR00705,M1,1,0,TRRUST,34,Regulated by: LEF1,,-4.7,26,9.7,30169,33,143,4,2.8,1.4,367|595|1499|2099,AR|CCND1|CTNNB1|ESR1,-3.7,0
1,-4.7,TRR00281,M1,1,0,TRRUST,34,Regulated by: ETS2,,-4.7,25,9.6,30169,34,143,4,2.8,1.4,1029|3576|3932|7157,CDKN2A|CXCL8|LCK|TP53,-3.7,0
1,-4.7,TRR01395,M1,1,0,TRRUST,34,Regulated by: TCF7L2,,-4.7,53,12,30169,12,143,3,2.1,1.2,1499|2625|6774,CTNNB1|GATA3|STAT3,-3.6,0
1,-4.6,TRR00527,M1,1,0,TRRUST,34,Regulated by: HSF1,,-4.6,24,9.4,30169,35,143,4,2.8,1.4,3725|4790|5054|5970,JUN|NFKB1|SERPINE1|RELA,-3.6,0
1,-4.6,TRR01235,M1,1,0,TRRUST,34,Regulated by: SMAD3,,-4.6,23,9.3,30169,36,143,4,2.8,1.4,3725|5054|7040|7422,JUN|SERPINE1|TGFB1|VEGFA,-3.6,0
1,-4.5,TRR00655,M1,1,0,TRRUST,34,Regulated by: KAT2B,,-4.5,49,12,30169,13,143,3,2.1,1.2,1017|1027|5925,CDK2|CDKN1B|RB1,-3.5,0
1,-4.4,TRR00776,M1,1,0,TRRUST,34,Regulated by: MYB,,-4.4,21,8.7,30169,41,143,4,2.8,1.4,596|2064|2625|3932,BCL2|ERBB2|GATA3|LCK,-3.4,0
1,-4.3,TRR01212,M1,1,0,TRRUST,34,Regulated by: SATB1,,-4.3,42,11,30169,15,143,3,2.1,1.2,596|1019|2625,BCL2|CDK4|GATA3,-3.3,0
1,-4.2,TRR01071,M1,1,0,TRRUST,34,Regulated by: PTTG1,,-4.2,37,10,30169,17,143,3,2.1,1.2,998|5879|7422,CDC42|RAC1|VEGFA,-3.2,0
1,-4.1,TRR01557,M1,1,0,TRRUST,34,Regulated by: ZEB1,,-4.1,35,10,30169,18,143,3,2.1,1.2,367|999|4072,AR|CDH1|EPCAM,-3.1,0
1,-4,TRR00366,M1,1,0,TRRUST,34,Regulated by: FOXO3,,-4,32,9.5,30169,20,143,3,2.1,1.2,367|5290|7422,AR|PIK3CA|VEGFA,-3,0
1,-4,TRR00422,M1,1,0,TRRUST,34,Regulated by: GLI2,,-4,32,9.5,30169,20,143,3,2.1,1.2,596|999|3725,BCL2|CDH1|JUN,-3,0
1,-4,TRR00494,M1,1,0,TRRUST,34,Regulated by: HMGA1,,-4,32,9.5,30169,20,143,3,2.1,1.2,672|999|7157,BRCA1|CDH1|TP53,-3,0
1,-3.9,TRR00602,M1,1,0,TRRUST,34,Regulated by: IRF1,,-3.9,16,7.4,30169,54,143,4,2.8,1.4,596|1017|1019|7157,BCL2|CDK2|CDK4|TP53,-2.9,0
1,-3.9,TRR00188,M1,1,0,TRRUST,34,Regulated by: DDIT3,,-3.9,30,9.2,30169,21,143,3,2.1,1.2,1017|3569|3576,CDK2|IL6|CXCL8,-2.9,0
1,-3.9,TRR00869,M1,1,0,TRRUST,34,Regulated by: NFE2L2,,-3.9,30,9.2,30169,21,143,3,2.1,1.2,672|3576|6648,BRCA1|CXCL8|SOD2,-2.9,0
1,-3.9,TRR00877,M1,1,0,TRRUST,34,Regulated by: NFKBIA,,-3.9,30,9.2,30169,21,143,3,2.1,1.2,3576|4790|5970,CXCL8|NFKB1|RELA,-2.9,0
1,-3.8,TRR01513,M1,1,0,TRRUST,34,Regulated by: USF2,,-3.8,15,7.2,30169,57,143,4,2.8,1.4,672|675|7040|7156,BRCA1|BRCA2|TGFB1|TOP3A,-2.8,0
1,-3.7,TRR00109,M1,1,0,TRRUST,34,Regulated by: CEBPA,,-3.7,14,7.1,30169,59,143,4,2.8,1.4,596|3479|3569|6774,BCL2|IGF1|IL6|STAT3,-2.8,0
1,-3.7,TRR01174,M1,1,0,TRRUST,34,Regulated by: RUNX2,,-3.7,26,8.6,30169,24,143,3,2.1,1.2,367|2099|7422,AR|ESR1|VEGFA,-2.8,0
1,-3.7,TRR00022,M1,1,0,TRRUST,34,Regulated by: ATF1,,-3.7,25,8.4,30169,25,143,3,2.1,1.2,596|2064|7153,BCL2|ERBB2|TOP2A,-2.7,0
1,-3.7,TRR00471,M1,1,0,TRRUST,34,Regulated by: HDAC4,,-3.7,25,8.4,30169,25,143,3,2.1,1.2,1029|3725|7422,CDKN2A|JUN|VEGFA,-2.7,0
1,-3.5,TRR00365,M1,1,0,TRRUST,34,Regulated by: FOXO1,,-3.5,23,7.9,30169,28,143,3,2.1,1.2,367|1027|3569,AR|CDKN1B|IL6,-2.6,0
1,-3.4,TRR00136,M1,1,0,TRRUST,34,Regulated by: CTCF,,-3.4,21,7.6,30169,30,143,3,2.1,1.2,595|672|4763,CCND1|BRCA1|NF1,-2.5,0
1,-3.4,TRR00872,M1,1,0,TRRUST,34,Regulated by: NFIC,,-3.4,21,7.6,30169,30,143,3,2.1,1.2,3146|3569|3725,HMGB1|IL6|JUN,-2.5,0
1,-3.3,TRR00901,M1,1,0,TRRUST,34,Regulated by: NR1I2,,-3.3,19,7.2,30169,33,143,3,2.1,1.2,596|4790|5970,BCL2|NFKB1|RELA,-2.4,0
1,-3.2,TRR00025,M1,1,0,TRRUST,34,Regulated by: ATF4,,-3.2,18,7,30169,35,143,3,2.1,1.2,3569|3576|7422,IL6|CXCL8|VEGFA,-2.3,0
1,-3,TRR01060,M1,1,0,TRRUST,34,Regulated by: PPARA,,-3,15,6.3,30169,42,143,3,2.1,1.2,3569|5054|6648,IL6|SERPINE1|SOD2,-2.1,0
1,-2.1,TRR00280,M1,1,0,TRRUST,34,Regulated by: ETS1,,-2.1,7.6,4.2,30169,83,143,3,2.1,1.2,1029|3932|7157,CDKN2A|LCK|TP53,-1.3,0
