_MEMBER_MyList,_LogP_MyList,GO,Description,_PATTERN_,_RANK_,GiniIndex
1,-2.1,M6911,GSE9509 10MIN VS 30MIN LPS AND IL10 STIM IL10 KO MACROPHAGE DN,M1,1,0
1,-3.1,M12824,SHEDDEN LUNG CANCER GOOD SURVIVAL A4,M1,1,0
1,-2.1,M2029,KOYAMA SEMA3B TARGETS DN,M1,1,0
1,-7.8,GO:0072657,protein localization to membrane,M1,1,0
1,-3,M6606,GSE5589 UNSTIM VS 45MIN LPS AND IL6 STIM MACROPHAGE UP,M1,1,0
1,-2.4,M3026,CHUNG BLISTER CYTOTOXICITY UP,M1,1,0
1,-3.3,GO:0061318,renal filtration cell differentiation,M1,1,0
1,-2.8,WP2855,Dopaminergic neurogenesis,M1,1,0
1,-2.6,GO:0051047,positive regulation of secretion,M1,1,0
1,-3.2,GO:0045540,regulation of cholesterol biosynthetic process,M1,1,0
1,-2.4,M8414,GSE29949 CD8 POS DC SPLEEN VS MONOCYTE BONE MARROW UP,M1,1,0
1,-2.6,M6677,GSE5589 WT VS IL10 KO LPS AND IL10 STIM MACROPHAGE 180MIN DN,M1,1,0
1,-2.3,M3752,GSE17721 CTRL VS PAM3CSK4 24H BMDC DN,M1,1,0
1,-6.9,GO:0007599,hemostasis,M1,1,0
1,-3,M9846,GSE46606 IRF4HIGH VS IRF4MID CD40L IL2 IL5 DAY3 STIMULATED BCELL DN,M1,1,0
1,-2.8,M1432,SANSOM APC TARGETS DN,M1,1,0
1,-3,M8425,GSE30153 LUPUS VS HEALTHY DONOR BCELL UP,M1,1,0
1,-3.6,GO:0060537,muscle tissue development,M1,1,0
1,-3.7,hsa04932,Non-alcoholic fatty liver disease,M1,1,0
1,-11,GO:0015267,channel activity,M1,1,0
1,-3.7,GO:0051536,iron-sulfur cluster binding,M1,1,0
1,-3,M3394,GSE14308 NAIVE CD4 TCELL VS NATURAL TREG DN,M1,1,0
1,-2.6,R-HSA-5619115,Disorders of transmembrane transporters,M1,1,0
1,-5.2,WP623,Oxidative phosphorylation,M1,1,0
1,-3,M4810,GSE27786 BCELL VS ERYTHROBLAST UP,M1,1,0
1,-9.5,GO:0060170,ciliary membrane,M1,1,0
1,-2.2,WP2857,Mesodermal commitment pathway,M1,1,0
1,-2.5,GO:0090181,regulation of cholesterol metabolic process,M1,1,0
1,-2.7,M7995,HOSHIDA LIVER CANCER SUBCLASS S2,M1,1,0
1,-4.1,GO:0040007,growth,M1,1,0
1,-5.2,GO:0042310,vasoconstriction,M1,1,0
1,-2.8,GO:0001676,long-chain fatty acid metabolic process,M1,1,0
1,-7.5,GO:0010960,magnesium ion homeostasis,M1,1,0
1,-3.2,GO:0009314,response to radiation,M1,1,0
1,-3.6,M1286,HOSHIDA LIVER CANCER SUBCLASS S3,M1,1,0
1,-2.8,GO:0016878,acid-thiol ligase activity,M1,1,0
1,-6.9,GO:0051703,biological process involved in intraspecies interaction between organisms,M1,1,0
1,-2.2,GO:0035094,response to nicotine,M1,1,0
1,-2.7,M12498,UEDA PERIFERAL CLOCK,M1,1,0
1,-3.5,M1106,GRAESSMANN RESPONSE TO MC AND DOXORUBICIN UP,M1,1,0
1,-9.5,GO:0016558,protein import into peroxisome matrix,M1,1,0
1,-2.4,M3129,GSE11864 UNTREATED VS CSF1 PAM3CYS IN MAC UP,M1,1,0
1,-2.4,M4228,GSE17974 IL4 AND ANTI IL12 VS UNTREATED 48H ACT CD4 TCELL UP,M1,1,0
1,-8.6,GO:0007389,pattern specification process,M1,1,0
1,-3.4,M2574,LIM MAMMARY STEM CELL DN,M1,1,0
1,-3.7,GO:0051540,metal cluster binding,M1,1,0
1,-14,GO:0098662,inorganic cation transmembrane transport,M1,1,0
1,-3.1,GO:0021700,developmental maturation,M1,1,0
1,-4.6,GO:0006164,purine nucleotide biosynthetic process,M1,1,0
1,-8,GO:0009799,specification of symmetry,M1,1,0
1,-2.1,GO:0070201,regulation of establishment of protein localization,M1,1,0
1,-2.2,GO:0005782,peroxisomal matrix,M1,1,0
1,-3,M5221,GSE360 T GONDII VS M TUBERCULOSIS DC DN,M1,1,0
1,-4.7,GO:0015108,chloride transmembrane transporter activity,M1,1,0
1,-3,M3770,GSE17721 CTRL VS CPG 12H BMDC DN,M1,1,0
1,-2.1,M19025,MOREAUX MULTIPLE MYELOMA BY TACI UP,M1,1,0
1,-2.4,M5561,GSE3982 BASOPHIL VS NKCELL UP,M1,1,0
1,-7.4,GO:0048667,cell morphogenesis involved in neuron differentiation,M1,1,0
1,-3.1,GO:0071320,cellular response to cAMP,M1,1,0
1,-3,GO:0042626,ATPase-coupled transmembrane transporter activity,M1,1,0
1,-4.1,GO:0060295,regulation of cilium movement involved in cell motility,M1,1,0
1,-3.2,GO:0050767,regulation of neurogenesis,M1,1,0
1,-5.6,GO:0008076,voltage-gated potassium channel complex,M1,1,0
1,-2.2,GO:0031907,microbody lumen,M1,1,0
1,-2.8,GO:0097110,scaffold protein binding,M1,1,0
1,-5.9,GO:0061448,connective tissue development,M1,1,0
1,-3,M9214,GSE40666 WT VS STAT1 KO CD8 TCELL WITH IFNA STIM 90MIN UP,M1,1,0
1,-2.3,M7814,GSE22432 CONVENTIONAL CDC VS PLASMACYTOID PDC DN,M1,1,0
1,-4.4,M5547,LU AGING BRAIN UP,M1,1,0
1,-2,R-HSA-432722,Golgi Associated Vesicle Biogenesis,M1,1,0
1,-6.7,GO:0022834,ligand-gated channel activity,M1,1,0
1,-3.2,GO:0007405,neuroblast proliferation,M1,1,0
1,-2.3,GO:0030097,hemopoiesis,M1,1,0
1,-14,GO:0007601,visual perception,M1,1,0
1,-2.1,GO:0002065,columnar/cuboidal epithelial cell differentiation,M1,1,0
1,-14,GO:0015919,peroxisomal membrane transport,M1,1,0
1,-3.8,M18299,YANG BREAST CANCER ESR1 UP,M1,1,0
1,-3,WP4324,Mitochondrial complex I assembly model OXPHOS system,M1,1,0
1,-3.1,R-HSA-5653656,Vesicle-mediated transport,M1,1,0
1,-5.5,M5183,GSE360 DC VS MAC T GONDII UP,M1,1,0
1,-2.7,GO:0072210,metanephric nephron development,M1,1,0
1,-3.1,M9700,GSE44732 UNSTIM VS IL27 STIM IMATURE DC DN,M1,1,0
1,-6.2,CORUM:2904,"Respiratory chain complex I (intermediate VII/650kD), mitochondrial",M1,1,0
1,-7.6,GO:0022843,voltage-gated cation channel activity,M1,1,0
1,-3.9,R-HSA-375165,NCAM signaling for neurite out-growth,M1,1,0
1,-13,GO:0022836,gated channel activity,M1,1,0
1,-3.6,GO:0019233,sensory perception of pain,M1,1,0
1,-5,GO:0060173,limb development,M1,1,0
1,-2.3,M9848,GSE46606 IRF4HIGH VS WT CD40L IL2 IL5 DAY1 STIMULATED BCELL DN,M1,1,0
1,-2.1,M2715,SNF5 DN.V1 DN,M1,1,0
1,-2.2,GO:0008610,lipid biosynthetic process,M1,1,0
1,-3,M3207,GSE13229 IMM VS MATURE NKCELL DN,M1,1,0
1,-3.1,GO:1901652,response to peptide,M1,1,0
1,-3.4,GO:0030674,protein-macromolecule adaptor activity,M1,1,0
1,-8.4,GO:0048592,eye morphogenesis,M1,1,0
1,-3.2,WP3925,Amino acid metabolism,M1,1,0
1,-3.3,GO:0050808,synapse organization,M1,1,0
1,-2.3,M9952,GSE41176 WT VS TAK1 KO ANTI IGM STIM BCELL 24H DN,M1,1,0
1,-2.4,M10351,BUYTAERT PHOTODYNAMIC THERAPY STRESS DN,M1,1,0
1,-2.3,M9627,GSE43956 WT VS SGK1 KO TH17 DIFFERENTIATED CD4 TCELL UP,M1,1,0
1,-2.9,M3063,DEBIASI APOPTOSIS BY REOVIRUS INFECTION DN,M1,1,0
1,-2.8,GO:0031012,extracellular matrix,M1,1,0
1,-3,GO:0032420,stereocilium,M1,1,0
1,-4.2,hsa04512,ECM-receptor interaction,M1,1,0
1,-2.9,M1493,NIKOLSKY BREAST CANCER 11Q12 Q14 AMPLICON,M1,1,0
1,-3.8,M13327,VANHARANTA UTERINE FIBROID WITH 7Q DELETION DN,M1,1,0
1,-5.8,GO:0086019,cell-cell signaling involved in cardiac conduction,M1,1,0
1,-2,GO:0030036,actin cytoskeleton organization,M1,1,0
1,-2.4,GO:0030666,endocytic vesicle membrane,M1,1,0
1,-2,GO:0043470,regulation of carbohydrate catabolic process,M1,1,0
1,-2.3,GO:0090287,regulation of cellular response to growth factor stimulus,M1,1,0
1,-7,GO:0003007,heart morphogenesis,M1,1,0
1,-8.4,GO:0098659,inorganic cation import across plasma membrane,M1,1,0
1,-3.1,M8737,GSE36888 UNTREATED VS IL2 TREATED STAT5 AB KNOCKIN TCELL 6H UP,M1,1,0
1,-7.1,R-HSA-5576893,Phase 2 - plateau phase,M1,1,0
1,-5.8,GO:0048483,autonomic nervous system development,M1,1,0
1,-3.1,GO:0060632,regulation of microtubule-based movement,M1,1,0
1,-2.2,GO:0030902,hindbrain development,M1,1,0
1,-11,GO:0030048,actin filament-based movement,M1,1,0
1,-3.2,GO:0044088,regulation of vacuole organization,M1,1,0
1,-8.2,GO:0086013,membrane repolarization during cardiac muscle cell action potential,M1,1,0
1,-3.4,GO:0048514,blood vessel morphogenesis,M1,1,0
1,-4.2,GO:0019646,aerobic electron transport chain,M1,1,0
1,-2.4,M5347,GSE37416 0H VS 12H F TULARENSIS LVS NEUTROPHIL UP,M1,1,0
1,-4.7,GO:0097746,blood vessel diameter maintenance,M1,1,0
1,-7,GO:0086010,membrane depolarization during action potential,M1,1,0
1,-8.5,GO:0035315,hair cell differentiation,M1,1,0
1,-6.7,GO:0010959,regulation of metal ion transport,M1,1,0
1,-3.2,GO:0044321,response to leptin,M1,1,0
1,-13,GO:0051875,pigment granule localization,M1,1,0
1,-5.5,GO:0009142,nucleoside triphosphate biosynthetic process,M1,1,0
1,-3.4,WP4577,Neurodegeneration with brain iron accumulation (NBIA) subtypes pathway,M1,1,0
1,-3.6,GO:0043267,negative regulation of potassium ion transport,M1,1,0
1,-9,GO:0043270,positive regulation of ion transport,M1,1,0
1,-2.2,GO:1901385,regulation of voltage-gated calcium channel activity,M1,1,0
1,-7,GO:0042472,inner ear morphogenesis,M1,1,0
1,-3.9,GO:1901380,negative regulation of potassium ion transmembrane transport,M1,1,0
1,-2.8,GO:0019229,regulation of vasoconstriction,M1,1,0
1,-2.4,M10702,JAEGER METASTASIS DN,M1,1,0
1,-2.6,M17427,DOANE BREAST CANCER CLASSES UP,M1,1,0
1,-5.4,GO:0031231,intrinsic component of peroxisomal membrane,M1,1,0
1,-2.4,M6255,GSE8835 CD4 VS CD8 TCELL DN,M1,1,0
1,-2.9,GO:0032107,regulation of response to nutrient levels,M1,1,0
1,-7,GO:0007596,blood coagulation,M1,1,0
1,-2.1,GO:0008083,growth factor activity,M1,1,0
1,-3.8,M7222,GSE19198 CTRL VS IL21 TREATED TCELL 1H DN,M1,1,0
1,-4.7,GO:0035296,regulation of tube diameter,M1,1,0
1,-2.9,GO:0005903,brush border,M1,1,0
1,-4.3,GO:0001945,lymph vessel development,M1,1,0
1,-17,GO:1990351,transporter complex,M1,1,0
1,-2.5,GO:0030425,dendrite,M1,1,0
1,-2.6,R-HSA-9659379,Sensory processing of sound,M1,1,0
1,-3.8,GO:0072009,nephron epithelium development,M1,1,0
1,-7.4,GO:0006631,fatty acid metabolic process,M1,1,0
1,-5.4,GO:0016491,oxidoreductase activity,M1,1,0
1,-2.3,M4584,GSE24142 ADULT VS FETAL DN3 THYMOCYTE UP,M1,1,0
1,-3.7,GO:0055069,zinc ion homeostasis,M1,1,0
1,-7.1,M9577,MOOTHA MITOCHONDRIA,M1,1,0
1,-3.4,M198,PID SYNDECAN 1 PATHWAY,M1,1,0
1,-8.1,GO:0015399,primary active transmembrane transporter activity,M1,1,0
1,-4.2,GO:0045229,external encapsulating structure organization,M1,1,0
1,-2.4,GO:0014003,oligodendrocyte development,M1,1,0
1,-3.1,M843,STEIN ESRRA TARGETS,M1,1,0
1,-5.9,GO:0006120,"mitochondrial electron transport, NADH to ubiquinone",M1,1,0
1,-12,GO:0006625,protein targeting to peroxisome,M1,1,0
1,-8.7,GO:0031175,neuron projection development,M1,1,0
1,-2.4,M13867,ONDER CDH1 TARGETS 2 UP,M1,1,0
1,-3.1,M1273,SHETH LIVER CANCER VS TXNIP LOSS PAM1,M1,1,0
1,-3.2,GO:0044283,small molecule biosynthetic process,M1,1,0
1,-2,GO:0007568,aging,M1,1,0
1,-2.3,M2901,KRAS.PROSTATE UP.V1 DN,M1,1,0
1,-3,M7658,GSE19401 NAIVE VS IMMUNIZED MOUSE PLN FOLLICULAR DC DN,M1,1,0
1,-2.2,M4665,BAELDE DIABETIC NEPHROPATHY DN,M1,1,0
1,-7.5,GO:0048839,inner ear development,M1,1,0
1,-2.4,M18757,ONDER CDH1 TARGETS 1 UP,M1,1,0
1,-3.1,GO:0005902,microvillus,M1,1,0
1,-3.8,M4131,GSE17721 4 VS 24H CPG BMDC DN,M1,1,0
1,-6.1,R-HSA-1650814,Collagen biosynthesis and modifying enzymes,M1,1,0
1,-6.5,GO:0021987,cerebral cortex development,M1,1,0
1,-2.2,M9802,BROWNE HCMV INFECTION 1HR DN,M1,1,0
1,-3.7,GO:0032989,cellular component morphogenesis,M1,1,0
1,-2.9,R-HSA-112315,Transmission across Chemical Synapses,M1,1,0
1,-4,GO:0001750,photoreceptor outer segment,M1,1,0
1,-3.8,M8408,GSE29949 CD8 POS DC SPLEEN VS DC BRAIN DN,M1,1,0
1,-2.7,GO:0007411,axon guidance,M1,1,0
1,-2.5,R-HSA-8852135,Protein ubiquitination,M1,1,0
1,-2.4,M6777,GSE6681 DELETED FOXP3 VS WT TREG UP,M1,1,0
1,-3.6,GO:0008134,transcription factor binding,M1,1,0
1,-6.6,M9433,MOOTHA HUMAN MITODB 6 2002,M1,1,0
1,-3,M4541,GSE24102 GRANULOCYSTIC MDSC VS NEUTROPHIL UP,M1,1,0
1,-2.3,GO:0099111,microtubule-based transport,M1,1,0
1,-2.5,GO:0104004,cellular response to environmental stimulus,M1,1,0
1,-3,GO:0005604,basement membrane,M1,1,0
1,-2.7,M1902,SCHRAETS MLL TARGETS UP,M1,1,0
1,-2.8,GO:0021915,neural tube development,M1,1,0
1,-4,GO:0007409,axonogenesis,M1,1,0
1,-7.8,GO:0034762,regulation of transmembrane transport,M1,1,0
1,-2.5,M2670,MTOR UP.V1 DN,M1,1,0
1,-3,M768,REN ALVEOLAR RHABDOMYOSARCOMA UP,M1,1,0
1,-2.3,GO:0099565,"chemical synaptic transmission, postsynaptic",M1,1,0
1,-3.1,GO:0080171,lytic vacuole organization,M1,1,0
1,-2.2,GO:0014704,intercalated disc,M1,1,0
1,-6.1,GO:0009206,purine ribonucleoside triphosphate biosynthetic process,M1,1,0
1,-2.2,M11166,IVANOVA HEMATOPOIESIS LATE PROGENITOR,M1,1,0
1,-3.8,GO:1901361,organic cyclic compound catabolic process,M1,1,0
1,-2.3,M9003,GSE37533 UNTREATED VS PIOGLIZATONE TREATED CD4 TCELL PPARG2 AND FOXP3 TRASDUCED UP,M1,1,0
1,-3.6,GO:0008308,voltage-gated anion channel activity,M1,1,0
1,-2.4,R-HSA-425397,"Transport of vitamins, nucleosides, and related molecules",M1,1,0
1,-8.5,R-HSA-5576890,Phase 3 - rapid repolarisation,M1,1,0
1,-2.9,GO:1901017,negative regulation of potassium ion transmembrane transporter activity,M1,1,0
1,-4.7,R-HSA-112316,Neuronal System,M1,1,0
1,-2.4,M9749,GSE43863 TFH VS LY6C INT CXCR5POS EFFECTOR CD4 TCELL DN,M1,1,0
1,-3.6,GO:0003014,renal system process,M1,1,0
1,-2,M17788,LINDGREN BLADDER CANCER CLUSTER 1 DN,M1,1,0
1,-2.7,GO:0072503,cellular divalent inorganic cation homeostasis,M1,1,0
1,-4.7,R-HSA-2672351,Stimuli-sensing channels,M1,1,0
1,-10,GO:0006941,striated muscle contraction,M1,1,0
1,-3.1,GO:0042303,molting cycle,M1,1,0
1,-6.6,GO:0042462,eye photoreceptor cell development,M1,1,0
1,-8.7,GO:0055080,cation homeostasis,M1,1,0
1,-2.5,M3837,WEST ADRENOCORTICAL TUMOR DN,M1,1,0
1,-2.4,M3945,GSE17721 POLYIC VS CPG 8H BMDC UP,M1,1,0
1,-6.2,GO:0036064,ciliary basal body,M1,1,0
1,-2.5,hsa04960,Aldosterone-regulated sodium reabsorption,M1,1,0
1,-3,GO:0030705,cytoskeleton-dependent intracellular transport,M1,1,0
1,-2.8,GO:0060090,molecular adaptor activity,M1,1,0
1,-2.5,GO:0008344,adult locomotory behavior,M1,1,0
1,-2.5,R-HSA-76009,Platelet Aggregation (Plug Formation),M1,1,0
1,-5.2,GO:0022900,electron transport chain,M1,1,0
1,-2.8,GO:0040018,positive regulation of multicellular organism growth,M1,1,0
1,-3.3,GO:0072112,podocyte differentiation,M1,1,0
1,-3.2,GO:0050885,neuromuscular process controlling balance,M1,1,0
1,-4.3,GO:0001708,cell fate specification,M1,1,0
1,-3.8,M7993,GSE16385 ROSIGLITAZONE IFNG TNF VS IL4 STIM MACROPHAGE DN,M1,1,0
1,-9.3,GO:0048753,pigment granule organization,M1,1,0
1,-5.1,GO:0001947,heart looping,M1,1,0
1,-5.2,GO:0032981,mitochondrial respiratory chain complex I assembly,M1,1,0
1,-3,M4960,SMID BREAST CANCER BASAL DN,M1,1,0
1,-6.2,GO:0006091,generation of precursor metabolites and energy,M1,1,0
1,-6.6,GO:0043266,regulation of potassium ion transport,M1,1,0
1,-6.1,GO:0035725,sodium ion transmembrane transport,M1,1,0
1,-2,M6851,GSE7768 OVA ALONE VS OVA WITH LPS IMMUNIZED MOUSE WHOLE SPLEEN 6H UP,M1,1,0
1,-3.1,M6280,GSE2585 THYMIC MACROPHAGE VS MTEC DN,M1,1,0
1,-2.4,M7645,GSE22140 GERMFREE VS SPF ARTHRITIC MOUSE CD4 TCELL DN,M1,1,0
1,-2.3,GO:0030509,BMP signaling pathway,M1,1,0
1,-2.3,M7293,GSE18893 TCONV VS TREG 2H CULTURE DN,M1,1,0
1,-17,WP4803,Ciliopathies,M1,1,0
1,-7.5,GO:1902282,voltage-gated potassium channel activity involved in ventricular cardiac muscle cell action potential repolarization,M1,1,0
1,-2.2,GO:0061629,RNA polymerase II-specific DNA-binding transcription factor binding,M1,1,0
1,-6.6,GO:0035050,embryonic heart tube development,M1,1,0
1,-2.9,M14665,SPIELMAN LYMPHOBLAST EUROPEAN VS ASIAN UP,M1,1,0
1,-2.7,M4621,ROSS AML OF FAB M7 TYPE,M1,1,0
1,-3,M9474,GSE41867 NAIVE VS EFFECTOR CD8 TCELL UP,M1,1,0
1,-3.3,GO:0021954,central nervous system neuron development,M1,1,0
1,-8.3,GO:0071805,potassium ion transmembrane transport,M1,1,0
1,-5.7,GO:0032787,monocarboxylic acid metabolic process,M1,1,0
1,-14,GO:0003013,circulatory system process,M1,1,0
1,-12,GO:0031903,microbody membrane,M1,1,0
1,-3.4,GO:0022405,hair cycle process,M1,1,0
1,-8.4,GO:0022804,active transmembrane transporter activity,M1,1,0
1,-2.6,R-HSA-9007101,Rab regulation of trafficking,M1,1,0
1,-2,GO:0031526,brush border membrane,M1,1,0
1,-8.4,GO:0099587,inorganic ion import across plasma membrane,M1,1,0
1,-2,GO:0002697,regulation of immune effector process,M1,1,0
1,-4.8,R-HSA-611105,Respiratory electron transport,M1,1,0
1,-2.1,GO:0110148,biomineralization,M1,1,0
1,-2.3,M4412,GSE22886 NAIVE CD4 TCELL VS MEMORY TCELL DN,M1,1,0
1,-9.1,GO:0050801,ion homeostasis,M1,1,0
1,-3,hsa05415,Diabetic cardiomyopathy,M1,1,0
1,-2.1,M1409,PEART HDAC PROLIFERATION CLUSTER UP,M1,1,0
1,-2.8,GO:1903532,positive regulation of secretion by cell,M1,1,0
1,-2.4,M5713,GSE7460 CTRL VS FOXP3 OVEREXPR TCONV UP,M1,1,0
1,-3,M5973,GSE369 PRE VS POST IL6 INJECTION IFNG KO LIVER UP,M1,1,0
1,-3,M2388,BYSTRYKH HEMATOPOIESIS STEM CELL QTL TRANS,M1,1,0
1,-3.4,GO:0021766,hippocampus development,M1,1,0
1,-3.3,GO:0048706,embryonic skeletal system development,M1,1,0
1,-6.1,GO:0019693,ribose phosphate metabolic process,M1,1,0
1,-3.9,GO:1902260,negative regulation of delayed rectifier potassium channel activity,M1,1,0
1,-6,GO:0015980,energy derivation by oxidation of organic compounds,M1,1,0
1,-2.3,M6272,GSE2585 CTEC VS THYMIC DC DN,M1,1,0
1,-2.6,GO:0071375,cellular response to peptide hormone stimulus,M1,1,0
1,-3,M7992,GSE25123 ROSIGLITAZONE VS IL4 AND ROSIGLITAZONE STIM PPARG KO MACROPHAGE DAY10 DN,M1,1,0
1,-2.1,GO:0031214,biomineral tissue development,M1,1,0
1,-3.2,GO:0048485,sympathetic nervous system development,M1,1,0
1,-4.7,GO:0009152,purine ribonucleotide biosynthetic process,M1,1,0
1,-3.8,GO:0008202,steroid metabolic process,M1,1,0
1,-3,M8736,GSE36888 UNTREATED VS IL2 TREATED TCELL 2H DN,M1,1,0
1,-2.7,WP4786,Type I collagen synthesis in the context of osteogenesis imperfecta,M1,1,0
1,-3.9,GO:0007626,locomotory behavior,M1,1,0
1,-4.8,GO:0019439,aromatic compound catabolic process,M1,1,0
1,-2,GO:0042733,embryonic digit morphogenesis,M1,1,0
1,-3,M7451,GSE21670 IL6 VS TGFB AND IL6 TREATED STAT3 KO CD4 TCELL DN,M1,1,0
1,-2.6,M6728,GSE6259 33D1 POS VS DEC205 POS FLT3L INDUCED SPLENIC DC DN,M1,1,0
1,-4.3,M1938,MEISSNER BRAIN HCP WITH H3K27ME3,M1,1,0
1,-2.1,GO:0006826,iron ion transport,M1,1,0
1,-8.1,GO:0055075,potassium ion homeostasis,M1,1,0
1,-2.3,M2637,UEDA CENTRAL CLOCK,M1,1,0
1,-3,M4018,GSE17721 POLYIC VS GARDIQUIMOD 2H BMDC UP,M1,1,0
1,-2.3,M7077,GSE14908 RESTING VS HDM STIM CD4 TCELL ATOPIC PATIENT UP,M1,1,0
1,-2.5,M2772,ESC V6.5 UP LATE.V1 UP,M1,1,0
1,-2.3,M7335,GSE19888 CTRL VS TCELL MEMBRANES ACT MAST CELL PRETREAT A3R INH UP,M1,1,0
1,-3.6,GO:0044270,cellular nitrogen compound catabolic process,M1,1,0
1,-2.4,M6978,GSE8621 UNSTIM VS LPS PRIMED UNSTIM MACROPHAGE UP,M1,1,0
1,-3.1,M4514,GSE22886 IL2 VS IL15 STIM NKCELL UP,M1,1,0
1,-3.6,M9556,BANDRES RESPONSE TO CARMUSTIN MGMT 48HR DN,M1,1,0
1,-2.9,M8788,GSE36891 UNSTIM VS PAM TLR2 STIM PERITONEAL MACROPHAGE DN,M1,1,0
1,-3.1,M8284,GSE23114 WT VS SLE2C1 MOUSE PERITONEAL CAVITY B1A BCELL UP,M1,1,0
1,-2.3,M9576,GSE42021 TREG PLN VS CD24INT TREG THYMUS DN,M1,1,0
1,-2.9,GO:0070293,renal absorption,M1,1,0
1,-2.1,M3238,SMID BREAST CANCER RELAPSE IN BONE UP,M1,1,0
1,-2.1,GO:0110149,regulation of biomineralization,M1,1,0
1,-3.6,R-HSA-9671793,Diseases of hemostasis,M1,1,0
1,-2.4,M6066,GSE2770 IL12 AND TGFB VS IL4 TREATED ACT CD4 TCELL 6H DN,M1,1,0
1,-2.5,GO:0097447,dendritic tree,M1,1,0
1,-5.3,GO:0016655,"oxidoreductase activity, acting on NAD(P)H, quinone or similar compound as acceptor",M1,1,0
1,-5.7,GO:0051899,membrane depolarization,M1,1,0
1,-4.6,GO:0005272,sodium channel activity,M1,1,0
1,-3.8,M5156,GSE360 CTRL VS M TUBERCULOSIS DC DN,M1,1,0
1,-3,M6099,GSE2770 TGFB AND IL4 VS TGFB AND IL12 TREATED ACT CD4 TCELL 6H UP,M1,1,0
1,-2.4,M8289,GSE23114 WT VS SLE2C1 MOUSE SPLEEN B1A BCELL DN,M1,1,0
1,-3.1,M8443,GSE46468 LUNG INNATE LYMPHOID CELL VS SPLEEN CD4 TCELL UP,M1,1,0
1,-9.6,GO:0005261,cation channel activity,M1,1,0
1,-2.1,GO:0046903,secretion,M1,1,0
1,-8.4,GO:0055065,metal ion homeostasis,M1,1,0
1,-4,R-HSA-5619102,SLC transporter disorders,M1,1,0
1,-2.9,GO:0060219,camera-type eye photoreceptor cell differentiation,M1,1,0
1,-11,GO:0007605,sensory perception of sound,M1,1,0
1,-3.8,M3907,GSE17721 LPS VS PAM3CSK4 0.5H BMDC DN,M1,1,0
1,-2.3,M6397,GSE4142 GC BCELL VS MEMORY BCELL UP,M1,1,0
1,-2.4,GO:0006584,catecholamine metabolic process,M1,1,0
1,-2.2,GO:0003682,chromatin binding,M1,1,0
1,-14,GO:0015318,inorganic molecular entity transmembrane transporter activity,M1,1,0
1,-2.4,M5249,GSE360 L MAJOR VS B MALAYI HIGH DOSE MAC DN,M1,1,0
1,-2.4,M1574,LEE AGING MUSCLE DN,M1,1,0
1,-2.4,M3892,GSE17721 CPG VS GARDIQUIMOD 8H BMDC UP,M1,1,0
1,-2.8,GO:1903530,regulation of secretion by cell,M1,1,0
1,-2.3,M4503,GSE22886 NAIVE CD4 TCELL VS DC DN,M1,1,0
1,-5,GO:0072006,nephron development,M1,1,0
1,-3.2,M1488,HANSON HRAS SIGNALING VIA NFKB,M1,1,0
1,-6.7,GO:0050931,pigment cell differentiation,M1,1,0
1,-5.4,GO:0005779,integral component of peroxisomal membrane,M1,1,0
1,-2.6,M7632,GSE21360 NAIVE VS SECONDARY MEMORY CD8 TCELL DN,M1,1,0
1,-3.1,M8581,GSE26030 UNSTIM VS RESTIM TH17 DAY5 POST POLARIZATION DN,M1,1,0
1,-4,M2664,AKT UP MTOR DN.V1 DN,M1,1,0
1,-2.6,GO:0070848,response to growth factor,M1,1,0
1,-3.4,R-HSA-199991,Membrane Trafficking,M1,1,0
1,-2.9,GO:0042417,dopamine metabolic process,M1,1,0
1,-3.2,GO:0072311,glomerular epithelial cell differentiation,M1,1,0
1,-2.8,GO:0034451,centriolar satellite,M1,1,0
1,-2.1,WP2064,Neural crest differentiation,M1,1,0
1,-3,M6942,GSE6674 PL2 3 VS ANTI IGM AND CPG STIM BCELL UP,M1,1,0
1,-4.7,M9483,SUNG METASTASIS STROMA UP,M1,1,0
1,-2.4,M9759,GSE43863 TFH VS LY6C INT CXCR5POS MEMORY CD4 TCELL UP,M1,1,0
1,-2.3,M9451,GSE41867 DAY8 VS DAY15 LCMV CLONE13 EFFECTOR CD8 TCELL DN,M1,1,0
1,-4.9,GO:0006163,purine nucleotide metabolic process,M1,1,0
1,-2.3,GO:0060079,excitatory postsynaptic potential,M1,1,0
1,-11,GO:0060048,cardiac muscle contraction,M1,1,0
1,-5.2,R-HSA-1474290,Collagen formation,M1,1,0
1,-2.2,GO:0051952,regulation of amine transport,M1,1,0
1,-2.9,M988,RUIZ TNC TARGETS UP,M1,1,0
1,-2.3,GO:0016126,sterol biosynthetic process,M1,1,0
1,-2.7,GO:0000323,lytic vacuole,M1,1,0
1,-4.6,GO:0072521,purine-containing compound metabolic process,M1,1,0
1,-15,GO:0003012,muscle system process,M1,1,0
1,-2.3,GO:0002920,regulation of humoral immune response,M1,1,0
1,-2,M1098,GRAESSMANN APOPTOSIS BY SERUM DEPRIVATION DN,M1,1,0
1,-2.8,GO:0031960,response to corticosteroid,M1,1,0
1,-2.9,M8993,GSE37533 UNTREATED VS PIOGLIZATONE TREATED CD4 TCELL PPARG2 AND FOXP3 TRASDUCED DN,M1,1,0
1,-2.8,GO:0046718,viral entry into host cell,M1,1,0
1,-4.6,GO:0006821,chloride transport,M1,1,0
1,-4.3,GO:0009062,fatty acid catabolic process,M1,1,0
1,-6.6,GO:0051668,localization within membrane,M1,1,0
1,-2.8,GO:0060078,regulation of postsynaptic membrane potential,M1,1,0
1,-5.3,GO:0007224,smoothened signaling pathway,M1,1,0
1,-14,GO:0030001,metal ion transport,M1,1,0
1,-2.3,M6271,GSE2585 CTEC VS THYMIC DC UP,M1,1,0
1,-11,WP4656,Joubert syndrome,M1,1,0
1,-3.6,GO:0015103,inorganic anion transmembrane transporter activity,M1,1,0
1,-17,WP5234,Bardet-Biedl syndrome,M1,1,0
1,-2.7,M2395,SERVITJA ISLET HNF1A TARGETS UP,M1,1,0
1,-3.7,WP4396,Nonalcoholic fatty liver disease,M1,1,0
1,-2.8,GO:0030312,external encapsulating structure,M1,1,0
1,-3.1,GO:0002252,immune effector process,M1,1,0
1,-12,R-HSA-9603798,Class I peroxisomal membrane protein import,M1,1,0
1,-6.1,GO:0050136,NADH dehydrogenase (quinone) activity,M1,1,0
1,-2.7,GO:0016358,dendrite development,M1,1,0
1,-16,GO:1902495,transmembrane transporter complex,M1,1,0
1,-9.1,GO:0048871,multicellular organismal homeostasis,M1,1,0
1,-2.5,GO:1901657,glycosyl compound metabolic process,M1,1,0
1,-8,GO:0030029,actin filament-based process,M1,1,0
1,-2.5,GO:0001618,virus receptor activity,M1,1,0
1,-3.6,GO:0017080,sodium channel regulator activity,M1,1,0
1,-2.3,GO:0018958,phenol-containing compound metabolic process,M1,1,0
1,-4.4,GO:0072522,purine-containing compound biosynthetic process,M1,1,0
1,-11,R-HSA-5620920,Cargo trafficking to the periciliary membrane,M1,1,0
1,-5.9,GO:0015453,oxidoreduction-driven active transmembrane transporter activity,M1,1,0
1,-2.7,GO:0046395,carboxylic acid catabolic process,M1,1,0
1,-2.1,M11383,BROWNE HCMV INFECTION 16HR UP,M1,1,0
1,-4.4,M16909,PARENT MTOR SIGNALING UP,M1,1,0
1,-11,GO:0034702,ion channel complex,M1,1,0
1,-7.1,GO:1901379,regulation of potassium ion transmembrane transport,M1,1,0
1,-3.6,GO:0060033,anatomical structure regression,M1,1,0
1,-3.3,GO:0055081,anion homeostasis,M1,1,0
1,-2.3,M6795,GSE3203 UNTREATED VS IFNB TREATED LN BCELL UP,M1,1,0
1,-2.4,M7035,GSE15330 HSC VS LYMPHOID PRIMED MULTIPOTENT PROGENITOR IKAROS KO DN,M1,1,0
1,-3,M6000,GSE411 UNSTIM VS 100MIN IL6 STIM SOCS3 KO MACROPHAGE DN,M1,1,0
1,-3.4,GO:0099568,cytoplasmic region,M1,1,0
1,-2.5,M38978,MANNE COVID19 ICU VS HEALTHY DONOR PLATELETS UP,M1,1,0
1,-2.2,M11156,ACEVEDO NORMAL TISSUE ADJACENT TO LIVER TUMOR DN,M1,1,0
1,-3.4,M17082,HADDAD T LYMPHOCYTE AND NK PROGENITOR UP,M1,1,0
1,-2.3,GO:0030501,positive regulation of bone mineralization,M1,1,0
1,-3.4,GO:0031300,intrinsic component of organelle membrane,M1,1,0
1,-5.4,CORUM:6601,BBS1-BBS4-BBS5-PKD1-TTC8 complex,M1,1,0
1,-3.1,M2847,SIRNA EIF4GI UP,M1,1,0
1,-2.3,M2796,CRX NRL DN.V1 UP,M1,1,0
1,-3.1,GO:0010226,response to lithium ion,M1,1,0
1,-2.2,GO:0061462,protein localization to lysosome,M1,1,0
1,-2.3,M5997,GSE411 100MIN VS 400MIN IL6 STIM MACROPHAGE UP,M1,1,0
1,-3,M9677,GSE43955 1H VS 20H ACT CD4 TCELL WITH TGFB IL6 DN,M1,1,0
1,-2.7,GO:0050769,positive regulation of neurogenesis,M1,1,0
1,-3,M5160,GSE360 CTRL VS L MAJOR MAC UP,M1,1,0
1,-11,GO:0070252,actin-mediated cell contraction,M1,1,0
1,-8.4,GO:0034765,regulation of ion transmembrane transport,M1,1,0
1,-2.3,M3409,GSE1432 1H VS 6H IFNG MICROGLIA UP,M1,1,0
1,-2.5,GO:0046683,response to organophosphorus,M1,1,0
1,-2.4,M8978,GSE37534 UNTREATED VS GW1929 TREATED CD4 TCELL PPARG1 AND FOXP3 TRASDUCED UP,M1,1,0
1,-4,M19529,RODRIGUES THYROID CARCINOMA ANAPLASTIC DN,M1,1,0
1,-2.3,M6045,GSE2770 UNTREATED VS IL12 TREATED ACT CD4 TCELL 48H DN,M1,1,0
1,-3.3,GO:0032098,regulation of appetite,M1,1,0
1,-6.4,GO:1904062,regulation of cation transmembrane transport,M1,1,0
1,-3.2,M6386,CREIGHTON ENDOCRINE THERAPY RESISTANCE 4,M1,1,0
1,-2.2,GO:0006457,protein folding,M1,1,0
1,-2.9,M1950,MEISSNER BRAIN HCP WITH H3K4ME2 AND H3K27ME3,M1,1,0
1,-2.9,GO:0046394,carboxylic acid biosynthetic process,M1,1,0
1,-6.1,GO:0007610,behavior,M1,1,0
1,-2.6,GO:0017022,myosin binding,M1,1,0
1,-3.8,GO:0086014,atrial cardiac muscle cell action potential,M1,1,0
1,-3.1,GO:0042633,hair cycle,M1,1,0
1,-4.3,M15112,WONG MITOCHONDRIA GENE MODULE,M1,1,0
1,-2.7,GO:0050699,WW domain binding,M1,1,0
1,-2.4,GO:0055076,transition metal ion homeostasis,M1,1,0
1,-3.7,hsa05340,Primary immunodeficiency,M1,1,0
1,-13,GO:0051904,pigment granule transport,M1,1,0
1,-8.2,GO:0002456,T cell mediated immunity,M1,1,0
1,-3.2,GO:0008514,organic anion transmembrane transporter activity,M1,1,0
1,-3.8,M7468,GSE21670 STAT3 KO VS WT CD4 TCELL UP,M1,1,0
1,-3,M9931,GSE41176 UNSTIM VS ANTI IGM STIM TAK1 KO BCELL 6H UP,M1,1,0
1,-4.7,GO:0060117,auditory receptor cell development,M1,1,0
1,-2.4,M9716,GSE46242 TH1 VS ANERGIC TH1 CD4 TCELL WITH EGR2 DELETED UP,M1,1,0
1,-2.4,M5235,GSE360 L DONOVANI VS B MALAYI HIGH DOSE MAC UP,M1,1,0
1,-3.1,R-HSA-1474228,Degradation of the extracellular matrix,M1,1,0
1,-5.1,GO:0009150,purine ribonucleotide metabolic process,M1,1,0
1,-3.7,GO:0021761,limbic system development,M1,1,0
1,-20,GO:0033059,cellular pigmentation,M1,1,0
1,-2.2,M8815,GSE37605 NOD VS C57BL6 IRES GFP TREG DN,M1,1,0
1,-2.7,GO:0010765,positive regulation of sodium ion transport,M1,1,0
1,-2.2,GO:0048704,embryonic skeletal system morphogenesis,M1,1,0
1,-3.5,GO:1901387,positive regulation of voltage-gated calcium channel activity,M1,1,0
1,-2.1,GO:0010043,response to zinc ion,M1,1,0
1,-2.8,GO:0040014,regulation of multicellular organism growth,M1,1,0
1,-9.4,GO:0060306,regulation of membrane repolarization,M1,1,0
1,-3.8,M6481,GSE4748 CTRL VS LPS STIM DC 3H DN,M1,1,0
1,-2.1,GO:0015459,potassium channel regulator activity,M1,1,0
1,-8.9,GO:0042391,regulation of membrane potential,M1,1,0
1,-4.2,GO:0014820,tonic smooth muscle contraction,M1,1,0
1,-2.4,M5173,GSE360 DC VS MAC DN,M1,1,0
1,-5.3,GO:0009055,electron transfer activity,M1,1,0
1,-3.7,M18491,STEIN ESRRA TARGETS UP,M1,1,0
1,-3.4,M6694,GSE3920 UNTREATED VS IFNB TREATED ENDOTHELIAL CELL DN,M1,1,0
1,-2.6,M6757,GSE6259 33D1 POS DC VS CD4 TCELL DN,M1,1,0
1,-3.2,WP4830,GDNF/RET signaling axis,M1,1,0
1,-2.2,M4987,KIM WT1 TARGETS 12HR DN,M1,1,0
1,-2.3,WP1591,Heart development,M1,1,0
1,-2.4,M9566,GSE41978 ID2 KO AND BIM KO VS BIM KO KLRG1 LOW EFFECTOR CD8 TCELL UP,M1,1,0
1,-4.5,GO:0022904,respiratory electron transport chain,M1,1,0
1,-2.2,GO:0031641,regulation of myelination,M1,1,0
1,-3.3,GO:0043434,response to peptide hormone,M1,1,0
1,-5.6,GO:0045333,cellular respiration,M1,1,0
1,-4.6,GO:0097186,amelogenesis,M1,1,0
1,-2.4,GO:0120035,regulation of plasma membrane bounded cell projection organization,M1,1,0
1,-2.7,GO:0030004,cellular monovalent inorganic cation homeostasis,M1,1,0
1,-2.4,M9698,GSE43955 10H VS 60H ACT CD4 TCELL UP,M1,1,0
1,-6.9,GO:0008283,cell population proliferation,M1,1,0
1,-2.4,WP4022,Pyrimidine metabolism,M1,1,0
1,-2.3,M4841,GSE27786 CD8 TCELL VS ERYTHROBLAST UP,M1,1,0
1,-3.5,GO:0005254,chloride channel activity,M1,1,0
1,-3,M8850,GSE37301 MULTIPOTENT PROGENITOR VS RAG2 KO NK CELL UP,M1,1,0
1,-2.3,M3476,GSE1460 CD4 THYMOCYTE VS NAIVE CD4 TCELL ADULT BLOOD DN,M1,1,0
1,-2.3,M1167,HUMMERICH SKIN CANCER PROGRESSION UP,M1,1,0
1,-2.4,M4283,GSE18791 CTRL VS NEWCASTLE VIRUS DC 18H UP,M1,1,0
1,-3.4,GO:0010256,endomembrane system organization,M1,1,0
1,-3.3,GO:1903817,negative regulation of voltage-gated potassium channel activity,M1,1,0
1,-2.7,GO:0060284,regulation of cell development,M1,1,0
1,-3.1,GO:0003016,respiratory system process,M1,1,0
1,-3.5,M6175,CAIRO LIVER DEVELOPMENT DN,M1,1,0
1,-7,GO:0042461,photoreceptor cell development,M1,1,0
1,-2.3,GO:0097435,supramolecular fiber organization,M1,1,0
1,-3.5,M17937,NAKAYAMA SOFT TISSUE TUMORS PCA1 DN,M1,1,0
1,-5.5,M1949,MEISSNER NPC HCP WITH H3K4ME2 AND H3K27ME3,M1,1,0
1,-2.4,GO:0019866,organelle inner membrane,M1,1,0
1,-3.4,GO:1901617,organic hydroxy compound biosynthetic process,M1,1,0
1,-3.4,GO:0007422,peripheral nervous system development,M1,1,0
1,-3.2,hsa00190,Oxidative phosphorylation,M1,1,0
1,-2.3,M7697,GSE20500 CTRL VS RETINOIC ACID TREATED CD4 TCELL UP,M1,1,0
1,-2.9,GO:2000649,regulation of sodium ion transmembrane transporter activity,M1,1,0
1,-2.4,M2861,KRAS.DF.V1 DN,M1,1,0
1,-3.6,GO:0003407,neural retina development,M1,1,0
1,-3.3,GO:0006576,cellular biogenic amine metabolic process,M1,1,0
1,-2.5,M6520,BLALOCK ALZHEIMERS DISEASE INCIPIENT UP,M1,1,0
1,-12,GO:0008015,blood circulation,M1,1,0
1,-2.8,M11011,ASTON MAJOR DEPRESSIVE DISORDER DN,M1,1,0
1,-2.4,M5887,NABA BASEMENT MEMBRANES,M1,1,0
1,-4.4,GO:0051656,establishment of organelle localization,M1,1,0
1,-3.1,GO:0005248,voltage-gated sodium channel activity,M1,1,0
1,-4.6,M9689,GSE43955 10H VS 30H ACT CD4 TCELL UP,M1,1,0
1,-3.8,M9171,GSE40277 EOS AND LEF1 TRANSDUCED VS CTRL CD4 TCELL UP,M1,1,0
1,-2.4,hsa00380,Tryptophan metabolism,M1,1,0
1,-2.4,GO:0001525,angiogenesis,M1,1,0
1,-2.4,M2584,KAAB HEART ATRIUM VS VENTRICLE DN,M1,1,0
1,-4.8,GO:0009144,purine nucleoside triphosphate metabolic process,M1,1,0
1,-2.3,M8319,GSE28726 NAIVE VS ACTIVATED NKTCELL DN,M1,1,0
1,-3.7,GO:0060041,retina development in camera-type eye,M1,1,0
1,-2,M6110,BLALOCK ALZHEIMERS DISEASE INCIPIENT DN,M1,1,0
1,-5.4,GO:0098862,cluster of actin-based cell projections,M1,1,0
1,-16,GO:0098655,cation transmembrane transport,M1,1,0
1,-5.8,GO:0016050,vesicle organization,M1,1,0
1,-2.3,M9675,GSE43955 1H VS 10H ACT CD4 TCELL WITH TGFB IL6 DN,M1,1,0
1,-3.1,GO:0007040,lysosome organization,M1,1,0
1,-2.4,M7568,GSE21927 SPLEEN VS BONE MARROW MONOCYTE BALBC DN,M1,1,0
1,-2.5,M12338,GERY CEBP TARGETS,M1,1,0
1,-4.7,WP2572,Primary focal segmental glomerulosclerosis (FSGS),M1,1,0
1,-2.4,M9867,GSE46606 UNSTIM VS CD40L IL2 IL5 DAY3 STIMULATED BCELL UP,M1,1,0
1,-4.5,GO:0015081,sodium ion transmembrane transporter activity,M1,1,0
1,-7.5,GO:0099625,ventricular cardiac muscle cell membrane repolarization,M1,1,0
1,-8.8,GO:0000904,cell morphogenesis involved in differentiation,M1,1,0
1,-6,GO:0021543,pallium development,M1,1,0
1,-4.5,GO:0046034,ATP metabolic process,M1,1,0
1,-2.4,GO:0008589,regulation of smoothened signaling pathway,M1,1,0
1,-3.7,GO:0015711,organic anion transport,M1,1,0
1,-2.7,GO:0032535,regulation of cellular component size,M1,1,0
1,-3.9,R-HSA-1474244,Extracellular matrix organization,M1,1,0
1,-10,R-HSA-9609507,Protein localization,M1,1,0
1,-11,GO:0034464,BBSome,M1,1,0
1,-5.1,GO:0045046,protein import into peroxisome membrane,M1,1,0
1,-4.2,GO:0005247,voltage-gated chloride channel activity,M1,1,0
1,-4.5,GO:0060562,epithelial tube morphogenesis,M1,1,0
1,-2.4,GO:0009712,catechol-containing compound metabolic process,M1,1,0
1,-2.4,M8215,IVANOVA HEMATOPOIESIS STEM CELL AND PROGENITOR,M1,1,0
1,-6.8,GO:0005251,delayed rectifier potassium channel activity,M1,1,0
1,-6.3,GO:0021756,striatum development,M1,1,0
1,-2.4,GO:0030500,regulation of bone mineralization,M1,1,0
1,-2.8,M9325,MCMURRAY TP53 HRAS COOPERATION RESPONSE DN,M1,1,0
1,-6,WP4823,Genes controlling nephrogenesis,M1,1,0
1,-3,M3729,GSE17721 CTRL VS PAM3CSK4 0.5H BMDC DN,M1,1,0
1,-3.8,GO:0048857,neural nucleus development,M1,1,0
1,-3.1,M3472,GSE1460 CD4 THYMOCYTE VS NAIVE CD4 TCELL CORD BLOOD DN,M1,1,0
1,-2.3,M1951,MEISSNER NPC HCP WITH H3K4ME2,M1,1,0
1,-4.3,GO:0010572,positive regulation of platelet activation,M1,1,0
1,-16,GO:0098660,inorganic ion transmembrane transport,M1,1,0
1,-2.3,hsa05020,Prion disease,M1,1,0
1,-3,M3919,GSE17721 LPS VS PAM3CSK4 6H BMDC DN,M1,1,0
1,-4.4,M11171,DACOSTA UV RESPONSE VIA ERCC3 UP,M1,1,0
1,-2.4,M2259,KIM GLIS2 TARGETS UP,M1,1,0
1,-3,hsa04723,Retrograde endocannabinoid signaling,M1,1,0
1,-13,GO:0030031,cell projection assembly,M1,1,0
1,-4.1,GO:0120039,plasma membrane bounded cell projection morphogenesis,M1,1,0
1,-3,GO:0072010,glomerular epithelium development,M1,1,0
1,-2.1,GO:0010543,regulation of platelet activation,M1,1,0
1,-4.9,M18,PID INTEGRIN1 PATHWAY,M1,1,0
1,-2.8,GO:0051216,cartilage development,M1,1,0
1,-2.4,M3101,GSE10856 CTRL VS TNFRSF6B IN MACROPHAGE DN,M1,1,0
1,-2.1,GO:0072330,monocarboxylic acid biosynthetic process,M1,1,0
1,-3.1,GO:0009416,response to light stimulus,M1,1,0
1,-2.3,M2012,DAVICIONI MOLECULAR ARMS VS ERMS UP,M1,1,0
1,-2.2,GO:0022853,active ion transmembrane transporter activity,M1,1,0
1,-4.2,GO:0070633,transepithelial transport,M1,1,0
1,-3,M14134,TURASHVILI BREAST DUCTAL CARCINOMA VS DUCTAL NORMAL DN,M1,1,0
1,-3.5,GO:1901215,negative regulation of neuron death,M1,1,0
1,-6.4,GO:0031084,BLOC-2 complex,M1,1,0
1,-3.9,GO:0060042,retina morphogenesis in camera-type eye,M1,1,0
1,-2.7,GO:0050974,detection of mechanical stimulus involved in sensory perception,M1,1,0
1,-6.5,GO:0001894,tissue homeostasis,M1,1,0
1,-7,GO:0097623,potassium ion export across plasma membrane,M1,1,0
1,-2.4,M6961,GSE7831 1H VS 4H CPG STIM PDC DN,M1,1,0
1,-2.3,M9548,GSE41978 WT VS ID2 KO AND BIM KO KLRG1 LOW EFFECTOR CD8 TCELL DN,M1,1,0
1,-2.4,M6899,GSE9509 LPS VS LPS AND IL10 STIM IL10 KO MACROPHAGE 20MIN UP,M1,1,0
1,-5.4,GO:1901615,organic hydroxy compound metabolic process,M1,1,0
1,-3.6,M2105,KIM ALL DISORDERS OLIGODENDROCYTE NUMBER CORR UP,M1,1,0
1,-12,GO:0005778,peroxisomal membrane,M1,1,0
1,-7.4,GO:0005267,potassium channel activity,M1,1,0
1,-2.3,GO:0009991,response to extracellular stimulus,M1,1,0
1,-2.7,GO:0006694,steroid biosynthetic process,M1,1,0
1,-4.8,GO:1901137,carbohydrate derivative biosynthetic process,M1,1,0
1,-2.3,M9615,GSE42021 CD24HI TREG VS CD24HI TCONV THYMUS UP,M1,1,0
1,-3.2,R-HSA-8956321,Nucleotide salvage,M1,1,0
1,-4,GO:0098751,bone cell development,M1,1,0
1,-3.5,R-HSA-1369062,ABC transporters in lipid homeostasis,M1,1,0
1,-4.6,GO:0009410,response to xenobiotic stimulus,M1,1,0
1,-2.4,M7843,GSE24210 IL35 TREATED VS RESTING TREG DN,M1,1,0
1,-2.1,GO:0070167,regulation of biomineral tissue development,M1,1,0
1,-2.3,M6602,GSE5589 UNSTIM VS 45MIN LPS AND IL10 STIM MACROPHAGE UP,M1,1,0
1,-2.8,GO:0044297,cell body,M1,1,0
1,-2.2,GO:0051701,biological process involved in interaction with host,M1,1,0
1,-2.7,GO:0005764,lysosome,M1,1,0
1,-2.1,GO:0071773,cellular response to BMP stimulus,M1,1,0
1,-6.2,GO:0005746,mitochondrial respirasome,M1,1,0
1,-2.1,GO:0071772,response to BMP,M1,1,0
1,-4.2,GO:0034440,lipid oxidation,M1,1,0
1,-6.5,GO:0001656,metanephros development,M1,1,0
1,-6,GO:0003954,NADH dehydrogenase activity,M1,1,0
1,-2.4,M9178,GSE40277 GATA1 AND SATB1 TRANSDUCED VS CTRL CD4 TCELL DN,M1,1,0
1,-10,GO:0005777,peroxisome,M1,1,0
1,-6.8,GO:0051648,vesicle localization,M1,1,0
1,-2.3,M9470,GSE41867 NAIVE VS DAY15 LCMV EFFECTOR CD8 TCELL UP,M1,1,0
1,-3.5,GO:0003151,outflow tract morphogenesis,M1,1,0
1,-3.8,GO:0045165,cell fate commitment,M1,1,0
1,-2.8,GO:0005743,mitochondrial inner membrane,M1,1,0
1,-8.2,GO:0099622,cardiac muscle cell membrane repolarization,M1,1,0
1,-2.5,GO:0009123,nucleoside monophosphate metabolic process,M1,1,0
1,-2.7,R-HSA-9662360,Sensory processing of sound by inner hair cells of the cochlea,M1,1,0
1,-3.7,GO:0072329,monocarboxylic acid catabolic process,M1,1,0
1,-8,GO:0006813,potassium ion transport,M1,1,0
1,-3,GO:0060840,artery development,M1,1,0
1,-2.2,M12225,PICCALUGA ANGIOIMMUNOBLASTIC LYMPHOMA UP,M1,1,0
1,-5.6,GO:0090066,regulation of anatomical structure size,M1,1,0
1,-5.2,WP4705,Pathways of nucleic acid metabolism and innate immune sensing,M1,1,0
1,-2.3,M5031,GSE30083 SP2 VS SP3 THYMOCYTE UP,M1,1,0
1,-5.7,GO:0045271,respiratory chain complex I,M1,1,0
1,-6.1,WP4657,22q11.2 copy number variation syndrome,M1,1,0
1,-12,GO:0072663,establishment of protein localization to peroxisome,M1,1,0
1,-5.8,GO:0045177,apical part of cell,M1,1,0
1,-2.8,GO:0048705,skeletal system morphogenesis,M1,1,0
1,-2.1,M11238,LINDGREN BLADDER CANCER CLUSTER 3 DN,M1,1,0
1,-2.4,GO:0044000,movement in host,M1,1,0
1,-2.2,M5314,MILI PSEUDOPODIA HAPTOTAXIS DN,M1,1,0
1,-2.7,GO:1901016,regulation of potassium ion transmembrane transporter activity,M1,1,0
1,-2.2,GO:0003073,regulation of systemic arterial blood pressure,M1,1,0
1,-2.6,M11788,CLASPER LYMPHATIC VESSELS DURING METASTASIS DN,M1,1,0
1,-2.8,GO:0030219,megakaryocyte differentiation,M1,1,0
1,-5,GO:0042776,proton motive force-driven mitochondrial ATP synthesis,M1,1,0
1,-2.3,M4476,GSE22886 NAIVE TCELL VS DC DN,M1,1,0
1,-4.4,GO:0060348,bone development,M1,1,0
1,-3.9,GO:0050891,multicellular organismal water homeostasis,M1,1,0
1,-2.3,M6196,GSE2405 HEAT KILLED VS LIVE A PHAGOCYTOPHILUM STIM NEUTROPHIL 9H DN,M1,1,0
1,-9.4,GO:0060155,platelet dense granule organization,M1,1,0
1,-3.9,GO:0032421,stereocilium bundle,M1,1,0
1,-2.4,M5782,GSE9006 HEALTHY VS TYPE 2 DIABETES PBMC AT DX DN,M1,1,0
1,-2,GO:0007517,muscle organ development,M1,1,0
1,-2.3,M9053,GSE32034 LY6C HIGH VS LOW MONOCYTE UP,M1,1,0
1,-2.2,M15193,GRUETZMANN PANCREATIC CANCER UP,M1,1,0
1,-2.3,GO:0031674,I band,M1,1,0
1,-4.3,GO:0043523,regulation of neuron apoptotic process,M1,1,0
1,-3.7,GO:1901214,regulation of neuron death,M1,1,0
1,-2.3,GO:0014074,response to purine-containing compound,M1,1,0
1,-4.2,GO:0032105,negative regulation of response to extracellular stimulus,M1,1,0
1,-4.1,GO:0007033,vacuole organization,M1,1,0
1,-2.3,M8203,GSE27092 WT VS HDAC7 PHOSPHO DEFICIENT CD8 TCELL UP,M1,1,0
1,-2.4,M4390,GSE2197 IMMUNOSUPPRESSIVE DNA VS UNTREATEDIN DC DN,M1,1,0
1,-16,GO:0006936,muscle contraction,M1,1,0
1,-6.9,GO:0043268,positive regulation of potassium ion transport,M1,1,0
1,-2.3,M7980,GSE25123 CTRL VS IL4 AND ROSIGLITAZONE STIM PPARG KO MACROPHAGE UP,M1,1,0
1,-8.7,GO:0099623,regulation of cardiac muscle cell membrane repolarization,M1,1,0
1,-5.5,GO:0070166,enamel mineralization,M1,1,0
1,-3.1,GO:0007585,respiratory gaseous exchange by respiratory system,M1,1,0
1,-3,M3968,GSE17721 PAM3CSK4 VS GADIQUIMOD 4H BMDC UP,M1,1,0
1,-9.4,GO:0007507,heart development,M1,1,0
1,-3,WP4842,Mammalian disorder of sexual development,M1,1,0
1,-2.5,GO:0097479,synaptic vesicle localization,M1,1,0
1,-2.3,GO:0097546,ciliary base,M1,1,0
1,-2.6,M160,PID AVB3 INTEGRIN PATHWAY,M1,1,0
1,-3.9,GO:0030534,adult behavior,M1,1,0
1,-6.2,GO:0060296,regulation of cilium beat frequency involved in ciliary motility,M1,1,0
1,-7.6,GO:0099094,ligand-gated cation channel activity,M1,1,0
1,-12,GO:0086005,ventricular cardiac muscle cell action potential,M1,1,0
1,-3,M3943,GSE17721 POLYIC VS CPG 6H BMDC UP,M1,1,0
1,-4,GO:0090497,mesenchymal cell migration,M1,1,0
1,-4.8,R-HSA-419037,NCAM1 interactions,M1,1,0
1,-4.1,GO:0072073,kidney epithelium development,M1,1,0
1,-2.1,GO:0005811,lipid droplet,M1,1,0
1,-6,GO:0016324,apical plasma membrane,M1,1,0
1,-2.4,GO:0009124,nucleoside monophosphate biosynthetic process,M1,1,0
1,-2.4,M6165,GSE1791 CTRL VS NEUROMEDINU IN T CELL LINE 0.8H UP,M1,1,0
1,-2.8,GO:0046916,cellular transition metal ion homeostasis,M1,1,0
1,-4.4,GO:0030321,transepithelial chloride transport,M1,1,0
1,-2.3,M6936,GSE6674 CPG VS PL2 3 STIM BCELL UP,M1,1,0
1,-2.3,M9165,GSE40274 GATA1 VS FOXP3 AND GATA1 TRANSDUCED ACTIVATED CD4 TCELL DN,M1,1,0
1,-3.8,GO:0006935,chemotaxis,M1,1,0
1,-2.5,GO:0000226,microtubule cytoskeleton organization,M1,1,0
1,-3.5,GO:0072376,protein activation cascade,M1,1,0
1,-3.5,GO:0002093,auditory receptor cell morphogenesis,M1,1,0
1,-4.8,GO:0030020,extracellular matrix structural constituent conferring tensile strength,M1,1,0
1,-2.4,M2397,SERVITJA LIVER HNF1A TARGETS UP,M1,1,0
1,-3,M6158,GSE1740 MCSF VS MCSF AND IFNG DAY2 DERIVED MACROPHAGE WITH IFNA STIM UP,M1,1,0
1,-6.2,GO:0071806,protein transmembrane transport,M1,1,0
1,-6.5,GO:0060113,inner ear receptor cell differentiation,M1,1,0
1,-2.7,GO:0009112,nucleobase metabolic process,M1,1,0
1,-3,GO:0036336,dendritic cell migration,M1,1,0
1,-2.6,M1956,MIKKELSEN MCV6 ICP WITH H3K27ME3,M1,1,0
1,-3.8,M8330,GSE24574 NAIVE VS TCONV CD4 TCELL DN,M1,1,0
1,-2.4,GO:0009925,basal plasma membrane,M1,1,0
1,-2.4,M8712,GSE30971 CTRL VS LPS STIM MACROPHAGE WBP7 KO 2H DN,M1,1,0
1,-3.6,GO:0051960,regulation of nervous system development,M1,1,0
1,-5.1,GO:0005201,extracellular matrix structural constituent,M1,1,0
1,-2.1,GO:0051087,chaperone binding,M1,1,0
1,-12,GO:0150063,visual system development,M1,1,0
1,-4.6,GO:0007597,"blood coagulation, intrinsic pathway",M1,1,0
1,-4.6,M5214,GSE360 L MAJOR VS M TUBERCULOSIS DC DN,M1,1,0
1,-2.8,M1459,PETROVA ENDOTHELIUM LYMPHATIC VS BLOOD DN,M1,1,0
1,-2.3,GO:0019216,regulation of lipid metabolic process,M1,1,0
1,-3.8,GO:0006882,cellular zinc ion homeostasis,M1,1,0
1,-4,R-HSA-2022090,Assembly of collagen fibrils and other multimeric structures,M1,1,0
1,-2.4,M1834,BOQUEST STEM CELL UP,M1,1,0
1,-5.1,GO:0014033,neural crest cell differentiation,M1,1,0
1,-3.8,M4188,GSE17974 CTRL VS ACT IL4 AND ANTI IL12 4H CD4 TCELL DN,M1,1,0
1,-2.3,M2989,GSE13547 WT VS ZFX KO BCELL ANTI IGM STIM 12H UP,M1,1,0
1,-3.2,GO:0002460,adaptive immune response based on somatic recombination of immune receptors built from immunoglobulin superfamily domains,M1,1,0
1,-2.1,GO:0070169,positive regulation of biomineral tissue development,M1,1,0
1,-2.8,GO:0060563,neuroepithelial cell differentiation,M1,1,0
1,-3.1,M6190,GSE2124 CTRL VS LYMPHOTOXIN BETA TREATED MLN DN,M1,1,0
1,-3.8,M8855,GSE37301 LYMPHOID PRIMED MPP VS PRO BCELL UP,M1,1,0
1,-5.5,GO:0055086,nucleobase-containing small molecule metabolic process,M1,1,0
1,-2.5,M2684,ATF2 UP.V1 DN,M1,1,0
1,-2.3,M8032,GSE16385 IFNG TNF VS UNSTIM MACROPHAGE ROSIGLITAZONE TREATED DN,M1,1,0
1,-2.7,GO:0010038,response to metal ion,M1,1,0
1,-3,M4963,GSE29618 MONOCYTE VS PDC DAY7 FLU VACCINE UP,M1,1,0
1,-12,GO:0032402,melanosome transport,M1,1,0
1,-7.6,GO:0019725,cellular homeostasis,M1,1,0
1,-4.2,GO:0033210,leptin-mediated signaling pathway,M1,1,0
1,-2,GO:0061138,morphogenesis of a branching epithelium,M1,1,0
1,-3,M5186,GSE360 DC VS MAC B MALAYI HIGH DOSE DN,M1,1,0
1,-4.8,R-HSA-983712,Ion channel transport,M1,1,0
1,-4.6,M2244,BRUINS UVC RESPONSE VIA TP53 GROUP B,M1,1,0
1,-6.3,GO:1990204,oxidoreductase complex,M1,1,0
1,-3.7,GO:0071417,cellular response to organonitrogen compound,M1,1,0
1,-2.6,M3645,DELYS THYROID CANCER UP,M1,1,0
1,-2.9,GO:0044458,motile cilium assembly,M1,1,0
1,-2.9,M14601,CAIRO HEPATOBLASTOMA UP,M1,1,0
1,-2.5,R-HSA-140877,Formation of Fibrin Clot (Clotting Cascade),M1,1,0
1,-3.3,M6767,POOLA INVASIVE BREAST CANCER DN,M1,1,0
1,-6.2,GO:0043009,chordate embryonic development,M1,1,0
1,-2.4,M8355,GSE28783 ANTI MIR33 VS CTRL ATHEROSCLEROSIS MACROPHAGE DN,M1,1,0
1,-2.4,M2214,CHEMNITZ RESPONSE TO PROSTAGLANDIN E2 DN,M1,1,0
1,-4.1,hsa04350,TGF-beta signaling pathway,M1,1,0
1,-4.2,GO:0032099,negative regulation of appetite,M1,1,0
1,-5.9,GO:0070469,respirasome,M1,1,0
1,-2.8,GO:0043025,neuronal cell body,M1,1,0
1,-2.3,M5220,GSE360 T GONDII VS M TUBERCULOSIS DC UP,M1,1,0
1,-3.6,M2631,FARMER BREAST CANCER APOCRINE VS BASAL,M1,1,0
1,-2.5,GO:0005975,carbohydrate metabolic process,M1,1,0
1,-2.5,M1320,INGRAM SHH TARGETS UP,M1,1,0
1,-2.3,M7347,GSE19888 NO PRETREAT VS ADENOSINE A3R INHIBITOR PRETREATED MAST CELL TCELL MEMBRANES ACT DN,M1,1,0
1,-2.2,GO:0032102,negative regulation of response to external stimulus,M1,1,0
1,-2.4,GO:0044242,cellular lipid catabolic process,M1,1,0
1,-3.6,R-HSA-9651496,Defects of contact activation system (CAS) and kallikrein/kinin system (KKS),M1,1,0
1,-2.1,GO:0090092,regulation of transmembrane receptor protein serine/threonine kinase signaling pathway,M1,1,0
1,-3.9,GO:0032990,cell part morphogenesis,M1,1,0
1,-2.4,M4996,GSE29618 PRE VS DAY7 POST TIV FLU VACCINE MONOCYTE UP,M1,1,0
1,-2.9,M11620,WIELAND UP BY HBV INFECTION,M1,1,0
1,-5.1,GO:0046390,ribose phosphate biosynthetic process,M1,1,0
1,-2.4,M7650,GSE22140 HEALTHY VS ARTHRITIC MOUSE CD4 TCELL UP,M1,1,0
1,-5,GO:0097731,9+0 non-motile cilium,M1,1,0
1,-2.5,hsa04612,Antigen processing and presentation,M1,1,0
1,-4.1,GO:0048812,neuron projection morphogenesis,M1,1,0
1,-3.2,GO:0010817,regulation of hormone levels,M1,1,0
1,-2.5,M2805,RB P130 DN.V1 UP,M1,1,0
1,-4.4,GO:0034706,sodium channel complex,M1,1,0
1,-4.8,GO:0030003,cellular cation homeostasis,M1,1,0
1,-3.4,GO:0071241,cellular response to inorganic substance,M1,1,0
1,-3.2,GO:0051591,response to cAMP,M1,1,0
1,-4.8,GO:0034505,tooth mineralization,M1,1,0
1,-6.3,GO:0060249,anatomical structure homeostasis,M1,1,0
1,-12,GO:0002027,regulation of heart rate,M1,1,0
1,-4.5,R-HSA-397014,Muscle contraction,M1,1,0
1,-3.2,GO:0005253,anion channel activity,M1,1,0
1,-2.4,M6131,GSE2770 IL12 AND TGFB ACT VS ACT CD4 TCELL 48H UP,M1,1,0
1,-2.3,GO:0051955,regulation of amino acid transport,M1,1,0
1,-3,GO:0046700,heterocycle catabolic process,M1,1,0
1,-2.4,M5159,GSE360 CTRL VS L DONOVANI MAC DN,M1,1,0
1,-3.2,GO:0051131,chaperone-mediated protein complex assembly,M1,1,0
1,-9.3,GO:0098771,inorganic ion homeostasis,M1,1,0
1,-2.3,M4863,GSE27786 NKCELL VS MONO MAC DN,M1,1,0
1,-2.2,M17753,BENPORATH MYC MAX TARGETS,M1,1,0
1,-14,GO:0001501,skeletal system development,M1,1,0
1,-2.3,GO:0003254,regulation of membrane depolarization,M1,1,0
1,-4.1,GO:0001755,neural crest cell migration,M1,1,0
1,-3.1,GO:0099536,synaptic signaling,M1,1,0
1,-2.5,GO:0071214,cellular response to abiotic stimulus,M1,1,0
1,-2.2,GO:0051962,positive regulation of nervous system development,M1,1,0
1,-2.9,GO:0022029,telencephalon cell migration,M1,1,0
1,-8.7,GO:0030855,epithelial cell differentiation,M1,1,0
1,-2.9,GO:0042133,neurotransmitter metabolic process,M1,1,0
1,-4.2,CORUM:2948,"Respiratory chain complex I (incomplete intermediate), mitochondrial",M1,1,0
1,-5.2,GO:0098803,respiratory chain complex,M1,1,0
1,-8.8,CORUM:2920,Respiratory chain complex I (lambda subunit) mitochondrial,M1,1,0
1,-2.2,GO:0015833,peptide transport,M1,1,0
1,-2.3,GO:0042886,amide transport,M1,1,0
1,-8.3,GO:0000902,cell morphogenesis,M1,1,0
1,-5.3,GO:0009260,ribonucleotide biosynthetic process,M1,1,0
1,-2.3,M8574,GSE26030 TH1 VS TH17 RESTIMULATED DAY5 POST POLARIZATION DN,M1,1,0
1,-7.5,R-HSA-9033241,Peroxisomal protein import,M1,1,0
1,-5.1,GO:0048593,camera-type eye morphogenesis,M1,1,0
1,-4.7,GO:0090665,glycoprotein complex,M1,1,0
1,-3,M4995,LINDGREN BLADDER CANCER CLUSTER 2B,M1,1,0
1,-3.5,GO:0044320,cellular response to leptin stimulus,M1,1,0
1,-2,M8661,GSE35825 UNTREATED VS IFNA STIM MACROPHAGE DN,M1,1,0
1,-3.1,GO:0009791,post-embryonic development,M1,1,0
1,-4.7,GO:0098644,complex of collagen trimers,M1,1,0
1,-3.6,M5652,FARMER BREAST CANCER BASAL VS LULMINAL,M1,1,0
1,-8.1,GO:0009855,determination of bilateral symmetry,M1,1,0
1,-2.3,M3638,GSE15930 STIM VS STIM AND TRICHOSTATINA 48H CD8 T CELL DN,M1,1,0
1,-10,R-HSA-5617833,Cilium Assembly,M1,1,0
1,-6.8,GO:0034703,cation channel complex,M1,1,0
1,-2,M1865,WANG TUMOR INVASIVENESS UP,M1,1,0
1,-3.3,GO:0055083,monovalent inorganic anion homeostasis,M1,1,0
1,-3,R-HSA-8866654,E3 ubiquitin ligases ubiquitinate target proteins,M1,1,0
1,-6.8,GO:0086012,membrane depolarization during cardiac muscle cell action potential,M1,1,0
1,-2.9,GO:0001941,postsynaptic membrane organization,M1,1,0
1,-2.3,GO:0007178,transmembrane receptor protein serine/threonine kinase signaling pathway,M1,1,0
1,-12,GO:0022890,inorganic cation transmembrane transporter activity,M1,1,0
1,-2.9,GO:0097014,ciliary plasm,M1,1,0
1,-3.7,GO:0031966,mitochondrial membrane,M1,1,0
1,-5.5,GO:0042475,odontogenesis of dentin-containing tooth,M1,1,0
1,-2.3,GO:0016407,acetyltransferase activity,M1,1,0
1,-3.8,M1719,LEIN CHOROID PLEXUS MARKERS,M1,1,0
1,-3,M6486,GSE4748 CTRL VS CYANOBACTERIUM LPSLIKE STIM DC 1H UP,M1,1,0
1,-2.4,M3843,GSE17721 POLYIC VS PAM3CSK4 16H BMDC DN,M1,1,0
1,-2.3,M9779,GSE44649 NAIVE VS ACTIVATED CD8 TCELL DN,M1,1,0
1,-5.3,GO:0097733,photoreceptor cell cilium,M1,1,0
1,-5.9,WP4758,Nephrotic syndrome,M1,1,0
1,-2.3,M9550,GSE41978 WT VS ID2 KO AND BIM KO KLRG1 LOW EFFECTOR CD8 TCELL UP,M1,1,0
1,-8.3,GO:0050878,regulation of body fluid levels,M1,1,0
1,-4.2,GO:0032835,glomerulus development,M1,1,0
1,-2.3,GO:0001823,mesonephros development,M1,1,0
1,-2.2,GO:0055074,calcium ion homeostasis,M1,1,0
1,-3,GO:0000041,transition metal ion transport,M1,1,0
1,-2.2,GO:0062023,collagen-containing extracellular matrix,M1,1,0
1,-3.8,GO:0035850,epithelial cell differentiation involved in kidney development,M1,1,0
1,-2.6,M38980,MANNE COVID19 COMBINED COHORT VS HEALTHY DONOR PLATELETS UP,M1,1,0
1,-2.3,M2693,P53 DN.V2 DN,M1,1,0
1,-3.3,GO:0140359,ABC-type transporter activity,M1,1,0
1,-2.1,M8989,GSE37534 GW1929 VS ROSIGLITAZONE TREATED CD4 TCELL PPARG1 FOXP3 TRANSDUCED DN,M1,1,0
1,-2.3,M6790,GSE3203 INFLUENZA INF VS IFNB TREATED LN BCELL UP,M1,1,0
1,-5.1,GO:0003356,regulation of cilium beat frequency,M1,1,0
1,-2.5,M6807,GSE7218 IGM VS IGG SIGNAL THGOUGH ANTIGEN BCELL UP,M1,1,0
1,-5.8,GO:0005242,inward rectifier potassium channel activity,M1,1,0
1,-2.5,M2666,AKT UP.V1 DN,M1,1,0
1,-2.4,M2905,LEF1 UP.V1 UP,M1,1,0
1,-2.3,M8433,GSE23321 CENTRAL VS EFFECTOR MEMORY CD8 TCELL UP,M1,1,0
1,-3.4,GO:0034655,nucleobase-containing compound catabolic process,M1,1,0
1,-2.4,GO:0048638,regulation of developmental growth,M1,1,0
1,-6.9,GO:0050957,equilibrioception,M1,1,0
1,-2,M2256,MIYAGAWA TARGETS OF EWSR1 ETS FUSIONS DN,M1,1,0
1,-3.3,GO:1902259,regulation of delayed rectifier potassium channel activity,M1,1,0
1,-3.9,R-HSA-1442490,Collagen degradation,M1,1,0
1,-2.3,M5984,GSE411 WT VS SOCS3 KO MACROPHAGE IL6 STIM 400MIN DN,M1,1,0
1,-2.3,M5838,GSE9650 EXHAUSTED VS MEMORY CD8 TCELL UP,M1,1,0
1,-3.2,M7536,GSE21546 UNSTIM VS ANTI CD3 STIM SAP1A KO DP THYMOCYTES DN,M1,1,0
1,-3.4,GO:0036303,lymph vessel morphogenesis,M1,1,0
1,-3.1,M5103,YAGI AML FAB MARKERS,M1,1,0
1,-3.5,GO:0007268,chemical synaptic transmission,M1,1,0
1,-3.3,R-HSA-216083,Integrin cell surface interactions,M1,1,0
1,-3.8,GO:0042330,taxis,M1,1,0
1,-6.8,GO:0043583,ear development,M1,1,0
1,-2.6,R-HSA-1296065,Inwardly rectifying K+ channels,M1,1,0
1,-9.4,GO:0060307,regulation of ventricular cardiac muscle cell membrane repolarization,M1,1,0
1,-8.5,CORUM:6165,BBSome core complex,M1,1,0
1,-4.9,GO:0042491,inner ear auditory receptor cell differentiation,M1,1,0
1,-5.2,GO:0001909,leukocyte mediated cytotoxicity,M1,1,0
1,-6.9,GO:0035176,social behavior,M1,1,0
1,-3.3,GO:0061005,cell differentiation involved in kidney development,M1,1,0
1,-3,M6140,GSE1112 OT1 VS HY CD8AB THYMOCYTE RTOC CULTURE UP,M1,1,0
1,-2.3,GO:0071363,cellular response to growth factor stimulus,M1,1,0
1,-3.9,GO:0035107,appendage morphogenesis,M1,1,0
1,-4.9,GO:0033108,mitochondrial respiratory chain complex assembly,M1,1,0
1,-5.9,GO:0003955,NAD(P)H dehydrogenase (quinone) activity,M1,1,0
1,-2.9,GO:0010460,positive regulation of heart rate,M1,1,0
1,-9.5,GO:0008544,epidermis development,M1,1,0
1,-2.4,M6488,GSE4748 CTRL VS CYANOBACTERIUM LPSLIKE STIM DC 1H DN,M1,1,0
1,-5.8,GO:0001754,eye photoreceptor cell differentiation,M1,1,0
1,-2.4,M7012,SCHUETZ BREAST CANCER DUCTAL INVASIVE DN,M1,1,0
1,-3.8,GO:0086026,atrial cardiac muscle cell to AV node cell signaling,M1,1,0
1,-3.4,M1780,MCGOWAN RSP6 TARGETS UP,M1,1,0
1,-8.9,GO:0044057,regulation of system process,M1,1,0
1,-2.2,M29,SHEN SMARCA2 TARGETS UP,M1,1,0
1,-2.2,M2157,DUTERTRE ESTRADIOL RESPONSE 24HR DN,M1,1,0
1,-6.2,GO:0006753,nucleoside phosphate metabolic process,M1,1,0
1,-3,R-HSA-3000171,Non-integrin membrane-ECM interactions,M1,1,0
1,-4.1,GO:0071466,cellular response to xenobiotic stimulus,M1,1,0
1,-3.9,M2725,MEK UP.V1 UP,M1,1,0
1,-5,GO:0001568,blood vessel development,M1,1,0
1,-4.7,GO:0015986,proton motive force-driven ATP synthesis,M1,1,0
1,-2.9,GO:0071467,cellular response to pH,M1,1,0
1,-2.1,M12212,WANG ESOPHAGUS CANCER VS NORMAL DN,M1,1,0
1,-3,M7366,GSE20198 UNTREATED VS IFNA TREATED ACT CD4 TCELL UP,M1,1,0
1,-2.9,GO:0071695,anatomical structure maturation,M1,1,0
1,-6.2,GO:0008137,NADH dehydrogenase (ubiquinone) activity,M1,1,0
1,-5,GO:0051385,response to mineralocorticoid,M1,1,0
1,-2.5,WP3298,Melatonin metabolism and effects,M1,1,0
1,-4.2,GO:0032096,negative regulation of response to food,M1,1,0
1,-2,M2765,ESC J1 UP LATE.V1 DN,M1,1,0
1,-2.4,M7041,GSE15330 GRANULOCYTE MONOCYTE PROGENITOR VS PRO BCELL UP,M1,1,0
1,-2.3,GO:0031344,regulation of cell projection organization,M1,1,0
1,-2.4,GO:0009582,detection of abiotic stimulus,M1,1,0
1,-2.4,M9252,GSE20727 ROS INH VS ROS INH AND DNFB ALLERGEN TREATED DC UP,M1,1,0
1,-12,GO:0044782,cilium organization,M1,1,0
1,-2.9,GO:0140297,DNA-binding transcription factor binding,M1,1,0
1,-2.2,M2010,MIKKELSEN NPC HCP WITH H3K4ME3 AND H3K27ME3,M1,1,0
1,-2.4,GO:0051954,positive regulation of amine transport,M1,1,0
1,-2.4,M2419,WAKABAYASHI ADIPOGENESIS PPARG BOUND 8D,M1,1,0
1,-2.6,GO:0009166,nucleotide catabolic process,M1,1,0
1,-2.2,M1919,COLINA TARGETS OF 4EBP1 AND 4EBP2,M1,1,0
1,-4.9,GO:0099106,ion channel regulator activity,M1,1,0
1,-2.1,M6722,GSE6259 FLT3L INDUCED VS WT SPLENIC DC 33D1 POS DN,M1,1,0
1,-2.6,GO:0042887,amide transmembrane transporter activity,M1,1,0
1,-3.5,GO:0051539,"4 iron, 4 sulfur cluster binding",M1,1,0
1,-11,CORUM:6163,BBSome,M1,1,0
1,-2.3,M6965,GSE9239 CTRL VS TNF INHIBITOR TREATED DC UP,M1,1,0
1,-2.4,M7316,GSE19888 ADENOSINE A3R ACT VS A3R ACT WITH A3R INH PRETREATMENT IN MAST CELL UP,M1,1,0
1,-4,GO:0001764,neuron migration,M1,1,0
1,-2.6,GO:1901981,phosphatidylinositol phosphate binding,M1,1,0
1,-3,M5834,GSE9650 EFFECTOR VS EXHAUSTED CD8 TCELL DN,M1,1,0
1,-2,GO:1990778,protein localization to cell periphery,M1,1,0
1,-2.3,M8206,GSE26912 TUMORICIDAL VS CTRL MACROPHAGE DN,M1,1,0
1,-3.1,GO:0019882,antigen processing and presentation,M1,1,0
1,-2.3,M5144,GSE360 CTRL VS L DONOVANI DC DN,M1,1,0
1,-3.2,R-HSA-8876198,RAB GEFs exchange GTP for GDP on RABs,M1,1,0
1,-4.2,GO:0015698,inorganic anion transport,M1,1,0
1,-2.4,GO:0060612,adipose tissue development,M1,1,0
1,-5.1,GO:1904064,positive regulation of cation transmembrane transport,M1,1,0
1,-2.7,M2962,GSE14415 ACT VS CTRL NATURAL TREG DN,M1,1,0
1,-3.1,GO:0002028,regulation of sodium ion transport,M1,1,0
1,-2.1,GO:2000179,positive regulation of neural precursor cell proliferation,M1,1,0
1,-4,WP5053,Development of ureteric collection system,M1,1,0
1,-3.9,GO:0006298,mismatch repair,M1,1,0
1,-3.6,GO:0098800,inner mitochondrial membrane protein complex,M1,1,0
1,-3.3,GO:0099537,trans-synaptic signaling,M1,1,0
1,-3.1,M4434,GSE22886 NAIVE VS IGM MEMORY BCELL UP,M1,1,0
1,-3.5,GO:0035113,embryonic appendage morphogenesis,M1,1,0
1,-2.5,GO:0001228,"DNA-binding transcription activator activity, RNA polymerase II-specific",M1,1,0
1,-2.1,GO:0005814,centriole,M1,1,0
1,-2.9,hsa00310,Lysine degradation,M1,1,0
1,-2,M337,GSE8685 IL15 ACT IL2 STARVED VS IL21 ACT IL2 STARVED CD4 TCELL UP,M1,1,0
1,-12,GO:0045494,photoreceptor cell maintenance,M1,1,0
1,-4,GO:0002449,lymphocyte mediated immunity,M1,1,0
1,-4.2,GO:0032836,glomerular basement membrane development,M1,1,0
1,-2.4,M5569,GSE3982 EFF MEMORY VS CENT MEMORY CD4 TCELL UP,M1,1,0
1,-2.7,M12107,MAHAJAN RESPONSE TO IL1A DN,M1,1,0
1,-4.4,R-HSA-9668250,Defective factor IX causes hemophilia B,M1,1,0
1,-3.6,hsa05012,Parkinson disease,M1,1,0
1,-5.8,GO:0038108,negative regulation of appetite by leptin-mediated signaling pathway,M1,1,0
1,-4,GO:0048858,cell projection morphogenesis,M1,1,0
1,-2,GO:0010720,positive regulation of cell development,M1,1,0
1,-5.3,GO:0060122,inner ear receptor cell stereocilium organization,M1,1,0
1,-6.4,CORUM:12,BLOC-2 (biogenesis of lysosome-related organelles complex 2),M1,1,0
1,-3.7,M2019,MIKKELSEN MEF HCP WITH H3K27ME3,M1,1,0
1,-3.2,GO:0060324,face development,M1,1,0
1,-9.4,GO:0032438,melanosome organization,M1,1,0
1,-7.5,GO:0098915,membrane repolarization during ventricular cardiac muscle cell action potential,M1,1,0
1,-2.5,GO:0031667,response to nutrient levels,M1,1,0
1,-4.4,GO:1901293,nucleoside phosphate biosynthetic process,M1,1,0
1,-4.8,GO:0016247,channel regulator activity,M1,1,0
1,-2.4,M4063,GSE17721 LPS VS GARDIQUIMOD 24H BMDC UP,M1,1,0
1,-11,GO:0022803,passive transmembrane transporter activity,M1,1,0
1,-9.4,GO:0043269,regulation of ion transport,M1,1,0
1,-7.1,GO:0097730,non-motile cilium,M1,1,0
1,-2.4,M9962,GSE45365 WT VS IFNAR KO CD8A DC UP,M1,1,0
1,-2.9,M6338,GSE3720 UNSTIM VS LPS STIM VD2 GAMMADELTA TCELL DN,M1,1,0
1,-3.4,GO:0048762,mesenchymal cell differentiation,M1,1,0
1,-2.4,GO:1901292,nucleoside phosphate catabolic process,M1,1,0
1,-3.2,R-HSA-140837,Intrinsic Pathway of Fibrin Clot Formation,M1,1,0
1,-6.2,GO:0006605,protein targeting,M1,1,0
1,-2,GO:1904063,negative regulation of cation transmembrane transport,M1,1,0
1,-2.4,M3775,GSE17721 CTRL VS GARDIQUIMOD 0.5H BMDC DN,M1,1,0
1,-2,hsa05016,Huntington disease,M1,1,0
1,-2.3,GO:0090317,negative regulation of intracellular protein transport,M1,1,0
1,-6.1,GO:0030318,melanocyte differentiation,M1,1,0
1,-2.3,GO:1901021,positive regulation of calcium ion transmembrane transporter activity,M1,1,0
1,-2.8,M1613,MILI PSEUDOPODIA CHEMOTAXIS DN,M1,1,0
1,-2.9,GO:0015849,organic acid transport,M1,1,0
1,-4.9,GO:1902476,chloride transmembrane transport,M1,1,0
1,-4,GO:0034764,positive regulation of transmembrane transport,M1,1,0
1,-3.8,GO:0030104,water homeostasis,M1,1,0
1,-2.8,GO:0044409,entry into host,M1,1,0
1,-5.6,GO:0072594,establishment of protein localization to organelle,M1,1,0
1,-2.2,GO:0009261,ribonucleotide catabolic process,M1,1,0
1,-8.2,GO:1903232,melanosome assembly,M1,1,0
1,-5.3,GO:0042476,odontogenesis,M1,1,0
1,-2.7,GO:0048844,artery morphogenesis,M1,1,0
1,-2.8,GO:0048545,response to steroid hormone,M1,1,0
1,-3.8,GO:0001667,ameboidal-type cell migration,M1,1,0
1,-2.9,GO:0005930,axoneme,M1,1,0
1,-5.1,GO:0003018,vascular process in circulatory system,M1,1,0
1,-2.1,GO:0072523,purine-containing compound catabolic process,M1,1,0
1,-6.6,GO:0055067,monovalent inorganic cation homeostasis,M1,1,0
1,-2.6,M6721,GSE6259 FLT3L INDUCED VS WT SPLENIC DC 33D1 POS UP,M1,1,0
1,-2,GO:0030545,signaling receptor regulator activity,M1,1,0
1,-2.6,M14072,WINTER HYPOXIA METAGENE,M1,1,0
1,-5.2,GO:0001913,T cell mediated cytotoxicity,M1,1,0
1,-3,M4893,GSE28237 EARLY VS LATE GC BCELL UP,M1,1,0
1,-2.4,GO:0072164,mesonephric tubule development,M1,1,0
1,-2.5,M2648,CYCLIN D1 KE .V1 UP,M1,1,0
1,-2.3,GO:0060541,respiratory system development,M1,1,0
1,-9.9,GO:0061337,cardiac conduction,M1,1,0
1,-3,M3809,GSE17721 LPS VS POLYIC 6H BMDC DN,M1,1,0
1,-2.4,M3441,GSE1460 INTRATHYMIC T PROGENITOR VS NAIVE CD4 TCELL CORD BLOOD UP,M1,1,0
1,-2.3,R-HSA-556833,Metabolism of lipids,M1,1,0
1,-2.3,M6464,GSE3039 CD4 TCELL VS B2 BCELL DN,M1,1,0
1,-3.2,GO:0035855,megakaryocyte development,M1,1,0
1,-2.2,GO:0051209,release of sequestered calcium ion into cytosol,M1,1,0
1,-2,GO:0046943,carboxylic acid transmembrane transporter activity,M1,1,0
1,-6.3,GO:0046530,photoreceptor cell differentiation,M1,1,0
1,-12,GO:0086091,regulation of heart rate by cardiac conduction,M1,1,0
1,-2.6,GO:1901653,cellular response to peptide,M1,1,0
1,-6.3,GO:0009060,aerobic respiration,M1,1,0
1,-3.8,GO:0000038,very long-chain fatty acid metabolic process,M1,1,0
1,-8.8,GO:0086008,voltage-gated potassium channel activity involved in cardiac muscle cell action potential repolarization,M1,1,0
1,-2.4,R-HSA-1296072,Voltage gated Potassium channels,M1,1,0
1,-3,GO:0010035,response to inorganic substance,M1,1,0
1,-5.9,GO:0009201,ribonucleoside triphosphate biosynthetic process,M1,1,0
1,-2.3,M6779,GSE6681 DELETED FOXP3 VS WT TREG DN,M1,1,0
1,-10,GO:0003015,heart process,M1,1,0
1,-2.3,M9687,GSE43955 10H VS 60H ACT CD4 TCELL WITH TGFB IL6 DN,M1,1,0
1,-2.1,GO:1902930,regulation of alcohol biosynthetic process,M1,1,0
1,-9.3,GO:0031082,BLOC complex,M1,1,0
1,-4.4,GO:0006875,cellular metal ion homeostasis,M1,1,0
1,-3.4,GO:0022404,molting cycle process,M1,1,0
1,-5.5,GO:0014032,neural crest cell development,M1,1,0
1,-4.7,GO:0098656,anion transmembrane transport,M1,1,0
1,-14,GO:1905515,non-motile cilium assembly,M1,1,0
1,-3.9,M5543,GSE3982 BCELL VS EFF MEMORY CD4 TCELL DN,M1,1,0
1,-2.1,GO:0006612,protein targeting to membrane,M1,1,0
1,-2.7,M6746,GSE6259 FLT3L INDUCED 33D1 POS DC VS CD4 TCELL UP,M1,1,0
1,-8.2,GO:0043010,camera-type eye development,M1,1,0
1,-11,GO:0005244,voltage-gated ion channel activity,M1,1,0
1,-3.8,M8312,GSE28726 ACT CD4 TCELL VS ACT NKTCELL UP,M1,1,0
1,-6.4,GO:0032299,ribonuclease H2 complex,M1,1,0
1,-3,M9462,GSE41867 DAY8 EFFECTOR VS DAY30 MEMORY CD8 TCELL LCMV ARMSTRONG UP,M1,1,0
1,-8.5,GO:0098657,import into cell,M1,1,0
1,-4.9,GO:0048863,stem cell differentiation,M1,1,0
1,-3.9,GO:0001946,lymphangiogenesis,M1,1,0
1,-5.7,GO:0030964,NADH dehydrogenase complex,M1,1,0
1,-4.4,GO:0009165,nucleotide biosynthetic process,M1,1,0
1,-2.7,M9066,BANDRES RESPONSE TO CARMUSTIN WITHOUT MGMT 48HR DN,M1,1,0
1,-3.7,GO:1901654,response to ketone,M1,1,0
1,-3.2,GO:0002064,epithelial cell development,M1,1,0
1,-3.6,GO:0061564,axon development,M1,1,0
1,-16,GO:0050953,sensory perception of light stimulus,M1,1,0
1,-13,GO:0043574,peroxisomal transport,M1,1,0
1,-2.1,GO:0051287,NAD binding,M1,1,0
1,-2,M17856,MULLIGHAN MLL SIGNATURE 1 UP,M1,1,0
1,-2.3,M4628,GSE24634 TEFF VS TCONV DAY10 IN CULTURE DN,M1,1,0
1,-2,M9087,GSE40274 CTRL VS SATB1 TRANSDUCED ACTIVATED CD4 TCELL UP,M1,1,0
1,-3,M2324,LEE BMP2 TARGETS UP,M1,1,0
1,-3.5,GO:0090407,organophosphate biosynthetic process,M1,1,0
1,-5.2,GO:0006939,smooth muscle contraction,M1,1,0
1,-13,GO:0070925,organelle assembly,M1,1,0
1,-2.7,GO:0016054,organic acid catabolic process,M1,1,0
1,-2.6,M17646,JAIN NFKB SIGNALING,M1,1,0
1,-3.3,GO:0060485,mesenchyme development,M1,1,0
1,-2.3,M945,MOREAUX B LYMPHOCYTE MATURATION BY TACI UP,M1,1,0
1,-2.1,GO:0019904,protein domain specific binding,M1,1,0
1,-3.2,GO:0006836,neurotransmitter transport,M1,1,0
1,-2.4,M3094,GSE10325 BCELL VS LUPUS BCELL UP,M1,1,0
1,-2.6,GO:1904888,cranial skeletal system development,M1,1,0
1,-2.4,GO:0045335,phagocytic vesicle,M1,1,0
1,-12,GO:0090596,sensory organ morphogenesis,M1,1,0
1,-3.7,GO:0048854,brain morphogenesis,M1,1,0
1,-2.7,M1904,SCHRAETS MLL TARGETS DN,M1,1,0
1,-3.1,GO:2001257,regulation of cation channel activity,M1,1,0
1,-3.2,M1259,SASAI RESISTANCE TO NEOPLASTIC TRANSFROMATION,M1,1,0
1,-6,GO:0006873,cellular ion homeostasis,M1,1,0
1,-4.1,GO:0002443,leukocyte mediated immunity,M1,1,0
1,-7,GO:0021537,telencephalon development,M1,1,0
1,-2.3,M6663,HOLLMANN APOPTOSIS VIA CD40 DN,M1,1,0
1,-9.2,GO:0033363,secretory granule organization,M1,1,0
1,-4.3,GO:0014824,artery smooth muscle contraction,M1,1,0
1,-2.2,GO:1903747,regulation of establishment of protein localization to mitochondrion,M1,1,0
1,-2.3,M8482,GSE26351 UNSTIM VS WNT PATHWAY STIM HEMATOPOIETIC PROGENITORS UP,M1,1,0
1,-3.2,GO:0007005,mitochondrion organization,M1,1,0
1,-4.6,M8431,GSE23321 CENTRAL MEMORY VS NAIVE CD8 TCELL DN,M1,1,0
1,-3.2,GO:0106118,regulation of sterol biosynthetic process,M1,1,0
1,-4.9,GO:1901699,cellular response to nitrogen compound,M1,1,0
1,-2.4,GO:0009154,purine ribonucleotide catabolic process,M1,1,0
1,-3,M8567,GSE26030 UNSTIM VS RESTIM TH1 DAY5 POST POLARIZATION UP,M1,1,0
1,-2.4,GO:1903524,positive regulation of blood circulation,M1,1,0
1,-13,R-HSA-5620922,BBSome-mediated cargo-targeting to cilium,M1,1,0
1,-4.7,M3005,NABA COLLAGENS,M1,1,0
1,-2,GO:0040008,regulation of growth,M1,1,0
1,-6,WP4352,Ciliary landscape,M1,1,0
1,-2.2,M2899,LINDGREN BLADDER CANCER HIGH RECURRENCE,M1,1,0
1,-5.3,GO:0016651,"oxidoreductase activity, acting on NAD(P)H",M1,1,0
1,-3,M3627,GSE15930 STIM VS STIM AND TRICHOSTATINA 24H CD8 T CELL UP,M1,1,0
1,-3.2,GO:0090102,cochlea development,M1,1,0
1,-2.4,M19245,COULOUARN TEMPORAL TGFB1 SIGNATURE DN,M1,1,0
1,-2.7,GO:0097485,neuron projection guidance,M1,1,0
1,-6.5,GO:0006754,ATP biosynthetic process,M1,1,0
1,-2.9,GO:0032104,regulation of response to extracellular stimulus,M1,1,0
1,-4.2,R-HSA-163200,"Respiratory electron transport, ATP synthesis by chemiosmotic coupling, and heat production by uncoupling proteins.",M1,1,0
1,-6.1,GO:0009145,purine nucleoside triphosphate biosynthetic process,M1,1,0
1,-3.6,GO:0031301,integral component of organelle membrane,M1,1,0
1,-14,GO:0048568,embryonic organ development,M1,1,0
1,-2,GO:0009116,nucleoside metabolic process,M1,1,0
1,-2.8,M2009,MIKKELSEN NPC HCP WITH H3K27ME3,M1,1,0
1,-3.8,M7255,GSE18281 SUBCAPSULAR CORTICAL REGION VS WHOLE MEDULLA THYMUS DN,M1,1,0
1,-2.1,GO:0045778,positive regulation of ossification,M1,1,0
1,-4,M2573,LIM MAMMARY STEM CELL UP,M1,1,0
1,-6,GO:0009792,embryo development ending in birth or egg hatching,M1,1,0
1,-2.4,GO:0045823,positive regulation of heart contraction,M1,1,0
1,-4.8,GO:0003143,embryonic heart tube morphogenesis,M1,1,0
1,-3.5,GO:0009725,response to hormone,M1,1,0
1,-2.1,GO:0051588,regulation of neurotransmitter transport,M1,1,0
1,-12,GO:0060271,cilium assembly,M1,1,0
1,-2.6,GO:0044291,cell-cell contact zone,M1,1,0
1,-7.4,GO:0086009,membrane repolarization,M1,1,0
1,-2,M13447,LANDIS ERBB2 BREAST PRENEOPLASTIC DN,M1,1,0
1,-3.5,GO:0030326,embryonic limb morphogenesis,M1,1,0
1,-2,GO:0031968,organelle outer membrane,M1,1,0
1,-4.2,GO:0032108,negative regulation of response to nutrient levels,M1,1,0
1,-3.1,M10381,CHIARADONNA NEOPLASTIC TRANSFORMATION KRAS DN,M1,1,0
1,-3,M2402,KOHOUTEK CCNT2 TARGETS,M1,1,0
1,-3,R-HSA-5620912,Anchoring of the basal body to the plasma membrane,M1,1,0
1,-7.6,GO:0007420,brain development,M1,1,0
1,-2.4,M7229,GSE19198 CTRL VS IL21 TREATED TCELL 6H DN,M1,1,0
1,-3.3,GO:0043586,tongue development,M1,1,0
1,-3.6,GO:0072378,"blood coagulation, fibrin clot formation",M1,1,0
1,-2.4,M7683,GSE20152 SPHK1 KO VS HTNFA OVEREXPRESS ANKLE DN,M1,1,0
1,-11,GO:0032400,melanosome localization,M1,1,0
1,-4.1,M13273,DELYS THYROID CANCER DN,M1,1,0
1,-11,GO:0022832,voltage-gated channel activity,M1,1,0
1,-2.2,M34017,BLANCO MELO COVID19 SARS COV 2 INFECTION A594 ACE2 EXPRESSING CELLS DN,M1,1,0
1,-3.3,GO:0044106,cellular amine metabolic process,M1,1,0
1,-7.3,GO:1901381,positive regulation of potassium ion transmembrane transport,M1,1,0
1,-2.3,M5101,GSE3337 CTRL VS 16H IFNG IN CD8POS DC DN,M1,1,0
1,-2.2,GO:0005506,iron ion binding,M1,1,0
1,-3.5,M7730,GSE21033 3H VS 12H POLYIC STIM DC UP,M1,1,0
1,-3,M1676,SHEN SMARCA2 TARGETS DN,M1,1,0
1,-4.7,GO:0035150,regulation of tube size,M1,1,0
1,-2.6,GO:0030278,regulation of ossification,M1,1,0
1,-6.7,GO:0015276,ligand-gated ion channel activity,M1,1,0
1,-2.4,M4670,GSE26669 CD4 VS CD8 TCELL IN MLR DN,M1,1,0
1,-3.8,M7707,GSE20500 CTRL VS RARA ANTAGONIST TREATED CD4 TCELL DN,M1,1,0
1,-12,GO:0032401,establishment of melanosome localization,M1,1,0
1,-2.1,GO:0043525,positive regulation of neuron apoptotic process,M1,1,0
1,-2.4,GO:0001657,ureteric bud development,M1,1,0
1,-2.2,M2218,BOYAULT LIVER CANCER SUBCLASS G123 DN,M1,1,0
1,-14,GO:0086003,cardiac muscle cell contraction,M1,1,0
1,-7.4,GO:0015079,potassium ion transmembrane transporter activity,M1,1,0
1,-2.3,M6667,GSE5589 IL6 KO VS IL10 KO LPS STIM MACROPHAGE 180MIN DN,M1,1,0
1,-10,GO:0042579,microbody,M1,1,0
1,-3,M8200,GSE26488 WT VS VP16 TRANSGENIC HDAC7 KO DOUBLE POSITIVE THYMOCYTE UP,M1,1,0
1,-5.1,GO:0001505,regulation of neurotransmitter levels,M1,1,0
1,-17,GO:0007423,sensory organ development,M1,1,0
1,-5.2,GO:0044325,transmembrane transporter binding,M1,1,0
1,-2.7,GO:0035909,aorta morphogenesis,M1,1,0
1,-2.2,WP4312,Rett syndrome causing genes,M1,1,0
1,-2.6,M34019,BLANCO MELO COVID19 SARS COV 2 INFECTION A594 ACE2 EXPRESSING CELLS RUXOLITINIB DN,M1,1,0
1,-2.3,M8209,GSE27670 BLIMP1 VS LMP1 TRANSDUCED GC BCELL UP,M1,1,0
1,-3.7,GO:0055078,sodium ion homeostasis,M1,1,0
1,-2.7,GO:0048489,synaptic vesicle transport,M1,1,0
1,-3.9,GO:0035108,limb morphogenesis,M1,1,0
1,-5.3,M18264,MOOTHA VOXPHOS,M1,1,0
1,-2.8,R-HSA-3000157,Laminin interactions,M1,1,0
1,-2.7,GO:0001917,photoreceptor inner segment,M1,1,0
1,-3.6,GO:0032409,regulation of transporter activity,M1,1,0
1,-4.4,GO:0072507,divalent inorganic cation homeostasis,M1,1,0
1,-3.4,M1475,FLECHNER BIOPSY KIDNEY TRANSPLANT REJECTED VS OK DN,M1,1,0
1,-4.7,M2107,KIM BIPOLAR DISORDER OLIGODENDROCYTE DENSITY CORR UP,M1,1,0
1,-9.7,GO:1903522,regulation of blood circulation,M1,1,0
1,-3,M3756,GSE17721 CTRL VS CPG 1H BMDC UP,M1,1,0
1,-2.9,M2386,GILDEA METASTASIS,M1,1,0
1,-2.6,GO:0061515,myeloid cell development,M1,1,0
1,-5,GO:0048736,appendage development,M1,1,0
1,-2.5,M6297,GSE1925 CTRL VS IFNG PRIMED MACROPHAGE 3H IFNG STIM DN,M1,1,0
1,-15,GO:0086001,cardiac muscle cell action potential,M1,1,0
1,-2.9,GO:0016053,organic acid biosynthetic process,M1,1,0
1,-8.5,GO:0005813,centrosome,M1,1,0
1,-2.7,GO:0048469,cell maturation,M1,1,0
1,-17,WP4536,Genes related to primary cilium development (based on CRISPR),M1,1,0
1,-2.1,M2135,LUI THYROID CANCER CLUSTER 1,M1,1,0
1,-12,GO:0048562,embryonic organ morphogenesis,M1,1,0
1,-3,GO:0051046,regulation of secretion,M1,1,0
1,-4,GO:0061512,protein localization to cilium,M1,1,0
1,-3.3,GO:0048145,regulation of fibroblast proliferation,M1,1,0
1,-4.5,M9911,WOO LIVER CANCER RECURRENCE DN,M1,1,0
1,-3.7,R-HSA-75892,Platelet Adhesion to exposed collagen,M1,1,0
1,-12,hsa04146,Peroxisome,M1,1,0
1,-3.2,M19511,WANG CISPLATIN RESPONSE AND XPC UP,M1,1,0
1,-3.7,GO:0043524,negative regulation of neuron apoptotic process,M1,1,0
1,-4.4,M1954,MIKKELSEN MCV6 HCP WITH H3K27ME3,M1,1,0
1,-2.3,GO:0009268,response to pH,M1,1,0
1,-3.4,GO:0032870,cellular response to hormone stimulus,M1,1,0
1,-3.4,GO:0005740,mitochondrial envelope,M1,1,0
1,-2.1,M14791,SABATES COLORECTAL ADENOMA DN,M1,1,0
1,-4.8,GO:0034767,positive regulation of ion transmembrane transport,M1,1,0
1,-3.1,M2697,P53 DN.V1 DN,M1,1,0
1,-5.1,GO:0042803,protein homodimerization activity,M1,1,0
1,-2.3,M385,GSE7219 WT VS NIK NFKB2 KO LPS AND ANTI CD40 STIM DC UP,M1,1,0
1,-8.6,GO:0098739,import across plasma membrane,M1,1,0
1,-2.3,M412,GSE11818 WT VS DICER KO TREG UP,M1,1,0
1,-4.7,R-HSA-8948216,Collagen chain trimerization,M1,1,0
1,-3.8,M1967,MIKKELSEN IPS WITH HCP H3K27ME3,M1,1,0
1,-3,M3328,GSE14000 TRANSLATED RNA VS MRNA 4H LPS DC UP,M1,1,0
1,-6.5,GO:0044743,protein transmembrane import into intracellular organelle,M1,1,0
1,-6.6,GO:0035239,tube morphogenesis,M1,1,0
1,-2.5,M3335,HELLER HDAC TARGETS UP,M1,1,0
1,-2.6,M17079,VECCHI GASTRIC CANCER ADVANCED VS EARLY UP,M1,1,0
1,-2.3,M6263,GSE8835 HEALTHY VS CLL CD8 TCELL DN,M1,1,0
1,-2.7,R-HSA-5576892,Phase 0 - rapid depolarisation,M1,1,0
1,-7.4,GO:0060119,inner ear receptor cell development,M1,1,0
1,-4.5,WP5074,Kallmann syndrome,M1,1,0
1,-20,GO:0043473,pigmentation,M1,1,0
1,-2,M7621,GSE21360 SECONDARY VS TERTIARY MEMORY CD8 TCELL DN,M1,1,0
1,-2.6,GO:0030258,lipid modification,M1,1,0
1,-2.2,GO:0051213,dioxygenase activity,M1,1,0
1,-2.1,GO:0016323,basolateral plasma membrane,M1,1,0
1,-4.8,GO:0001944,vasculature development,M1,1,0
1,-8.1,GO:0033365,protein localization to organelle,M1,1,0
1,-2.1,GO:0033157,regulation of intracellular protein transport,M1,1,0
1,-4.3,GO:0005581,collagen trimer,M1,1,0
1,-2.3,GO:0021795,cerebral cortex cell migration,M1,1,0
1,-11,GO:0005216,ion channel activity,M1,1,0
1,-6.2,CORUM:6247,BBS-chaperonin complex,M1,1,0
1,-3.3,M1806,BOCHKIS FOXA2 TARGETS,M1,1,0
1,-5.8,GO:0050905,neuromuscular process,M1,1,0
1,-2.5,GO:0140272,exogenous protein binding,M1,1,0
1,-2.4,M3493,GSE14769 UNSTIM VS 40MIN LPS BMDM UP,M1,1,0
1,-3,M7686,GSE20152 SPHK1 KO VS WT HTNFA OVERXPRESS ANKLE DN,M1,1,0
1,-4.4,GO:0098773,skin epidermis development,M1,1,0
1,-2.3,M7299,GSE18893 CTRL VS TNF TREATED TREG 24H UP,M1,1,0
1,-12,GO:0072662,protein localization to peroxisome,M1,1,0
1,-2.2,M366,LANDIS ERBB2 BREAST TUMORS 324 UP,M1,1,0
1,-8.4,GO:0035869,ciliary transition zone,M1,1,0
1,-4,GO:0061351,neural precursor cell proliferation,M1,1,0
1,-2.8,GO:0010970,transport along microtubule,M1,1,0
1,-2.2,M2122,VERHAAK GLIOBLASTOMA MESENCHYMAL,M1,1,0
1,-2,M14127,HELLER HDAC TARGETS SILENCED BY METHYLATION UP,M1,1,0
1,-2.3,M4751,GSE27786 LSK VS NKCELL UP,M1,1,0
1,-3,M9751,GSE43863 TFH VS LY6C LOW CXCR5NEG EFFECTOR CD4 TCELL DN,M1,1,0
1,-3.8,GO:0005788,endoplasmic reticulum lumen,M1,1,0
1,-11,GO:0001655,urogenital system development,M1,1,0
1,-2.3,M6662,GSE5589 IL6 KO VS IL10 KO LPS AND IL6 STIM MACROPHAGE 45MIN DN,M1,1,0
1,-3,M8415,GSE29949 CD8 POS DC SPLEEN VS MONOCYTE BONE MARROW DN,M1,1,0
1,-2.5,GO:2001259,positive regulation of cation channel activity,M1,1,0
1,-3,GO:0048534,hematopoietic or lymphoid organ development,M1,1,0
1,-6.3,GO:0031253,cell projection membrane,M1,1,0
1,-3,GO:0030507,spectrin binding,M1,1,0
1,-3.8,M4865,GSE27786 NKTCELL VS ERYTHROBLAST UP,M1,1,0
1,-5.3,GO:0055082,cellular chemical homeostasis,M1,1,0
1,-5.4,WP550,Biogenic amine synthesis,M1,1,0
1,-3,M8371,GSE22025 UNTREATED VS TGFB1 TREATED CD4 TCELL UP,M1,1,0
1,-7.6,GO:0045444,fat cell differentiation,M1,1,0
1,-3.6,GO:0045178,basal part of cell,M1,1,0
1,-4.8,WP111,Electron transport chain: OXPHOS system in mitochondria,M1,1,0
1,-3,M8538,GSE33374 CD8 ALPHAALPHA VS ALPHABETA CD161 HIGH TCELL UP,M1,1,0
1,-2.2,GO:0030595,leukocyte chemotaxis,M1,1,0
1,-3.6,M12139,GALE APL WITH FLT3 MUTATED DN,M1,1,0
1,-6.1,R-HSA-5576891,Cardiac conduction,M1,1,0
1,-7.8,GO:0048729,tissue morphogenesis,M1,1,0
1,-5.3,GO:0140115,export across plasma membrane,M1,1,0
1,-5.4,GO:0008509,anion transmembrane transporter activity,M1,1,0
1,-2.6,GO:0097060,synaptic membrane,M1,1,0
1,-2.8,M2073,BAE BRCA1 TARGETS DN,M1,1,0
1,-2.9,GO:1990841,promoter-specific chromatin binding,M1,1,0
1,-9,GO:0008016,regulation of heart contraction,M1,1,0
1,-5.4,GO:1990779,glycoprotein Ib-IX-V complex,M1,1,0
1,-2.6,GO:0035137,hindlimb morphogenesis,M1,1,0
1,-2.7,hsa04714,Thermogenesis,M1,1,0
1,-2.6,hsa03030,DNA replication,M1,1,0
1,-2.6,M2520,RAO BOUND BY SALL4 ISOFORM B,M1,1,0
1,-5,GO:0051640,organelle localization,M1,1,0
1,-2.3,M7083,GSE14908 ATOPIC VS NONATOPIC PATIENT RESTING CD4 TCELL DN,M1,1,0
1,-2.5,M9948,KIM WT1 TARGETS 8HR DN,M1,1,0
1,-3,M9922,GSE41176 UNSTIM VS ANTI IGM STIM BCELL 6H UP,M1,1,0
1,-8.8,GO:1990573,potassium ion import across plasma membrane,M1,1,0
1,-2.5,M2110,KIM ALL DISORDERS CALB1 CORR UP,M1,1,0
1,-3.7,GO:1902305,regulation of sodium ion transmembrane transport,M1,1,0
1,-7.6,GO:0006814,sodium ion transport,M1,1,0
1,-2.4,M9787,GSE42724 B1 BCELL VS PLASMABLAST UP,M1,1,0
1,-2.2,GO:0046434,organophosphate catabolic process,M1,1,0
1,-2.1,GO:0048146,positive regulation of fibroblast proliferation,M1,1,0
1,-4.2,GO:0043062,extracellular structure organization,M1,1,0
1,-2.3,M5124,GSE339 CD4POS VS CD4CD8DN DC IN CULTURE DN,M1,1,0
1,-3.3,GO:0019395,fatty acid oxidation,M1,1,0
1,-11,GO:0050954,sensory perception of mechanical stimulus,M1,1,0
1,-2.1,M7106,GSE15624 CTRL VS 6H HALOFUGINONE TREATED CD4 TCELL DN,M1,1,0
1,-3.2,GO:0009611,response to wounding,M1,1,0
1,-3.2,GO:0060021,roof of mouth development,M1,1,0
1,-2.4,GO:0007623,circadian rhythm,M1,1,0
1,-2.5,GO:0009581,detection of external stimulus,M1,1,0
1,-11,GO:0001822,kidney development,M1,1,0
1,-2.8,M283,OISHI CHOLANGIOMA STEM CELL LIKE UP,M1,1,0
1,-3.8,M5801,GSE9037 CTRL VS LPS 1H STIM BMDM DN,M1,1,0
1,-4.8,GO:0032391,photoreceptor connecting cilium,M1,1,0
1,-3.2,GO:0034707,chloride channel complex,M1,1,0
1,-3,GO:0002244,hematopoietic progenitor cell differentiation,M1,1,0
1,-4.1,GO:0048589,developmental growth,M1,1,0
1,-2.4,M5553,GSE3982 BCELL VS TH1 DN,M1,1,0
1,-4.1,GO:1902019,regulation of cilium-dependent cell motility,M1,1,0
1,-3.8,M3704,GSE17721 CTRL VS LPS 24H BMDC DN,M1,1,0
1,-5.1,GO:0014829,vascular associated smooth muscle contraction,M1,1,0
1,-2.3,GO:1903214,regulation of protein targeting to mitochondrion,M1,1,0
1,-2.8,M1550,SIMBULAN PARP1 TARGETS UP,M1,1,0
1,-2.3,M9289,GSE36078 UNTREATED VS AD5 INF MOUSE LUNG DC UP,M1,1,0
1,-3.5,M5884,NABA CORE MATRISOME,M1,1,0
1,-2.2,M1616,BURTON ADIPOGENESIS 7,M1,1,0
1,-6,CORUM:654,BLOC1-BLOC2 complex,M1,1,0
1,-5.5,GO:0065002,intracellular protein transmembrane transport,M1,1,0
1,-2.4,GO:0045596,negative regulation of cell differentiation,M1,1,0
1,-7.3,GO:0021544,subpallium development,M1,1,0
1,-4.7,GO:0086065,cell communication involved in cardiac conduction,M1,1,0
1,-5.2,GO:0010257,NADH dehydrogenase complex assembly,M1,1,0
1,-6.9,GO:0043588,skin development,M1,1,0
1,-2.8,M9085,GSE40274 CTRL VS IRF4 TRANSDUCED ACTIVATED CD4 TCELL UP,M1,1,0
1,-4,GO:0022898,regulation of transmembrane transporter activity,M1,1,0
1,-2.5,GO:0032886,regulation of microtubule-based process,M1,1,0
1,-7.4,GO:0048066,developmental pigmentation,M1,1,0
1,-2.4,M1894,GSE13762 CTRL VS 125 VITAMIND DAY5 DC UP,M1,1,0
1,-3,M6468,GSE3039 CD4 TCELL VS B1 BCELL DN,M1,1,0
1,-3.1,M18635,CASORELLI ACUTE PROMYELOCYTIC LEUKEMIA DN,M1,1,0
1,-2.5,M2643,RAPA EARLY UP.V1 DN,M1,1,0
1,-5,R-HSA-1428517,The citric acid (TCA) cycle and respiratory electron transport,M1,1,0
1,-2.6,M16932,CHIANG LIVER CANCER SUBCLASS PROLIFERATION DN,M1,1,0
1,-2,GO:0005342,organic acid transmembrane transporter activity,M1,1,0
1,-4.4,GO:0006119,oxidative phosphorylation,M1,1,0
1,-3.2,GO:0046942,carboxylic acid transport,M1,1,0
1,-6.3,GO:0042490,mechanoreceptor differentiation,M1,1,0
1,-3.2,GO:0098719,sodium ion import across plasma membrane,M1,1,0
1,-2.1,R-HSA-15869,Metabolism of nucleotides,M1,1,0
1,-3.5,GO:0001942,hair follicle development,M1,1,0
1,-3.7,GO:0086066,atrial cardiac muscle cell to AV node cell communication,M1,1,0
1,-2.3,M3035,GOLDRATH NAIVE VS EFF CD8 TCELL UP,M1,1,0
1,-3.6,GO:0003352,regulation of cilium movement,M1,1,0
1,-2.4,GO:0048471,perinuclear region of cytoplasm,M1,1,0
1,-2.1,GO:0090101,negative regulation of transmembrane receptor protein serine/threonine kinase signaling pathway,M1,1,0
1,-2.2,GO:0006195,purine nucleotide catabolic process,M1,1,0
1,-4.9,GO:0009205,purine ribonucleoside triphosphate metabolic process,M1,1,0
1,-2.4,M5607,GSE39820 CTRL VS TGFBETA1 IL6 IL23A CD4 TCELL UP,M1,1,0
1,-2.5,M9992,GSE45365 BCELL VS CD8 TCELL DN,M1,1,0
1,-3.4,M10961,GOZGIT ESR1 TARGETS DN,M1,1,0
1,-7.9,GO:0086011,membrane repolarization during action potential,M1,1,0
1,-6.3,GO:0042471,ear morphogenesis,M1,1,0
1,-2,M8890,GSE37301 MULTIPOTENT PROGENITOR VS COMMON LYMPHOID PROGENITOR UP,M1,1,0
1,-8.6,GO:0002009,morphogenesis of an epithelium,M1,1,0
1,-2.8,GO:0010447,response to acidic pH,M1,1,0
1,-2.8,GO:1902936,phosphatidylinositol bisphosphate binding,M1,1,0
1,-5.2,GO:0006886,intracellular protein transport,M1,1,0
1,-13,GO:0008324,cation transmembrane transporter activity,M1,1,0
1,-11,GO:0072001,renal system development,M1,1,0
1,-3.7,GO:0048484,enteric nervous system development,M1,1,0
1,-6,CORUM:2905,"Respiratory chain complex I (intermediate), mitochondrial",M1,1,0
1,-5.3,GO:0048864,stem cell development,M1,1,0
1,-6,R-HSA-382551,Transport of small molecules,M1,1,0
1,-9.8,R-HSA-1852241,Organelle biogenesis and maintenance,M1,1,0
1,-8.3,GO:0007368,determination of left/right symmetry,M1,1,0
1,-2.3,M8688,GSE34156 NOD2 LIGAND VS NOD2 AND TLR1 TLR2 LIGAND 6H TREATED MONOCYTE DN,M1,1,0
1,-3.3,R-HSA-9717189,Sensory perception of taste,M1,1,0
1,-2.4,M9061,GSE32034 UNTREATED VS ROSIGLIZATONE TREATED LY6C HIGH MONOCYTE DN,M1,1,0
1,-5.1,GO:0042775,mitochondrial ATP synthesis coupled electron transport,M1,1,0
1,-2.4,M4999,GSE29618 PRE VS DAY7 POST LAIV FLU VACCINE PDC UP,M1,1,0
1,-2.8,hsa05208,Chemical carcinogenesis - reactive oxygen species,M1,1,0
1,-2.3,M6785,GSE3203 HEALTHY VS INFLUENZA INFECTED LN BCELL UP,M1,1,0
1,-2.1,R-HSA-9662361,Sensory processing of sound by outer hair cells of the cochlea,M1,1,0
1,-2.3,M3459,GSE1460 DP THYMOCYTE VS NAIVE CD4 TCELL CORD BLOOD UP,M1,1,0
1,-3.1,GO:0009308,amine metabolic process,M1,1,0
1,-3.9,GO:0034330,cell junction organization,M1,1,0
1,-9.8,GO:0060047,heart contraction,M1,1,0
1,-2.2,GO:0050982,detection of mechanical stimulus,M1,1,0
1,-2.4,M6412,GSE8921 UNSTIM VS TLR1 2 STIM MONOCYTE 3H UP,M1,1,0
1,-12,GO:0048880,sensory system development,M1,1,0
1,-3.9,GO:0036038,MKS complex,M1,1,0
1,-3,M6996,GSE5503 LIVER DC VS SPLEEN DC ACTIVATED ALLOGENIC TCELL UP,M1,1,0
1,-2.3,M6053,GSE2770 UNTREATED VS TGFB AND IL12 TREATED ACT CD4 TCELL 6H DN,M1,1,0
1,-6.9,GO:0050817,coagulation,M1,1,0
1,-2.4,M19541,REN ALVEOLAR RHABDOMYOSARCOMA DN,M1,1,0
1,-5.3,R-HSA-6799198,Complex I biogenesis,M1,1,0
1,-5.7,GO:0005747,mitochondrial respiratory chain complex I,M1,1,0
1,-3.8,M7655,GSE22196 HEALTHY VS OBESE MOUSE SKIN GAMMADELTA TCELL UP,M1,1,0
1,-3.6,GO:0032095,regulation of response to food,M1,1,0
1,-4.5,GO:0009141,nucleoside triphosphate metabolic process,M1,1,0
1,-12,GO:0001654,eye development,M1,1,0
1,-3.5,GO:0098916,anterograde trans-synaptic signaling,M1,1,0
1,-5.2,GO:0034705,potassium channel complex,M1,1,0
1,-5.5,GO:0098797,plasma membrane protein complex,M1,1,0
1,-2.3,M8495,GSE29164 DAY3 VS DAY7 CD8 TCELL AND IL12 TREATED MELANOMA UP,M1,1,0
1,-2.4,GO:0072163,mesonephric epithelium development,M1,1,0
1,-2.5,GO:1903533,regulation of protein targeting,M1,1,0
1,-12,GO:0048598,embryonic morphogenesis,M1,1,0
1,-3,M7049,GSE15330 LYMPHOID MULTIPOTENT VS GRANULOCYTE MONOCYTE PROGENITOR IKAROS KO DN,M1,1,0
1,-4.9,GO:0061371,determination of heart left/right asymmetry,M1,1,0
1,-2.5,GO:0030670,phagocytic vesicle membrane,M1,1,0
1,-2.1,GO:0015718,monocarboxylic acid transport,M1,1,0
1,-2.1,GO:0016747,"acyltransferase activity, transferring groups other than amino-acyl groups",M1,1,0
1,-4.8,R-HSA-1296071,Potassium Channels,M1,1,0
1,-3.3,GO:0055064,chloride ion homeostasis,M1,1,0
1,-5.9,GO:0090150,establishment of protein localization to membrane,M1,1,0
1,-6.3,GO:0009259,ribonucleotide metabolic process,M1,1,0
1,-4.2,GO:0042060,wound healing,M1,1,0
1,-2.3,M5204,GSE360 L DONOVANI VS B MALAYI LOW DOSE DC DN,M1,1,0
1,-4.6,GO:1903764,regulation of potassium ion export across plasma membrane,M1,1,0
1,-3.9,M13283,HSIAO LIVER SPECIFIC GENES,M1,1,0
1,-2.6,M10914,STARK PREFRONTAL CORTEX 22Q11 DELETION DN,M1,1,0
1,-2.5,GO:0030018,Z disc,M1,1,0
1,-3.2,M8241,GSE27241 WT CTRL VS DIGOXIN TREATED RORGT KO CD4 TCELL IN TH17 POLARIZING CONDITIONS DN,M1,1,0
1,-2.2,GO:0030168,platelet activation,M1,1,0
1,-3.3,GO:0009953,dorsal/ventral pattern formation,M1,1,0
1,-2.4,GO:0016877,"ligase activity, forming carbon-sulfur bonds",M1,1,0
1,-9.7,GO:0046873,metal ion transmembrane transporter activity,M1,1,0
1,-8.3,GO:0005249,voltage-gated potassium channel activity,M1,1,0
1,-3.8,M2491,BRIDEAU IMPRINTED GENES,M1,1,0
1,-4.2,GO:0032412,regulation of ion transmembrane transporter activity,M1,1,0
1,-3,M9570,GSE42021 TREG PLN VS TREG PRECURSORS THYMUS DN,M1,1,0
1,-4.3,GO:0098661,inorganic anion transmembrane transport,M1,1,0
1,-6.5,GO:0030900,forebrain development,M1,1,0
1,-3.8,GO:1904044,response to aldosterone,M1,1,0
1,-6.3,GO:0009117,nucleotide metabolic process,M1,1,0
1,-2.3,WP3594,Circadian rhythm genes,M1,1,0
1,-3.9,GO:0032838,plasma membrane bounded cell projection cytoplasm,M1,1,0
1,-5.1,R-HSA-9673221,Defective F9 activation,M1,1,0
1,-4,GO:0021591,ventricular system development,M1,1,0
1,-2.3,GO:0051223,regulation of protein transport,M1,1,0
1,-2.9,GO:0003002,regionalization,M1,1,0
1,-3.5,hsa04971,Gastric acid secretion,M1,1,0
1,-3,M4060,GSE17721 LPS VS GARDIQUIMOD 16H BMDC UP,M1,1,0
1,-3,M3418,GSE14350 TREG VS TEFF DN,M1,1,0
1,-11,WP706,Sudden infant death syndrome (SIDS) susceptibility pathways,M1,1,0
1,-6,CORUM:178,"Respiratory chain complex I (holoenzyme), mitochondrial",M1,1,0
1,-2.3,M3962,GSE17721 PAM3CSK4 VS GADIQUIMOD 1H BMDC UP,M1,1,0
1,-2.4,GO:0001216,DNA-binding transcription activator activity,M1,1,0
1,-2.9,GO:0021895,cerebral cortex neuron differentiation,M1,1,0
1,-6.5,GO:0006820,anion transport,M1,1,0
1,-2.4,M3519,GSE15215 CD2 POS VS NEG PDC UP,M1,1,0
1,-3.5,R-HSA-3000178,ECM proteoglycans,M1,1,0
1,-3.9,GO:0001906,cell killing,M1,1,0
1,-4.9,M8448,BENPORATH PRC2 TARGETS,M1,1,0
1,-2.3,GO:0048701,embryonic cranial skeleton morphogenesis,M1,1,0
1,-2.4,M53,PID INTEGRIN3 PATHWAY,M1,1,0
1,-3,M3865,GSE17721 PAM3CSK4 VS CPG 8H BMDC UP,M1,1,0
1,-3,M4760,GSE27786 LSK VS NEUTROPHIL UP,M1,1,0
1,-12,GO:0001508,action potential,M1,1,0
1,-3.7,GO:0060389,pathway-restricted SMAD protein phosphorylation,M1,1,0
1,-2.7,GO:0098798,mitochondrial protein-containing complex,M1,1,0
1,-2.8,M4913,IZADPANAH STEM CELL ADIPOSE VS BONE DN,M1,1,0
1,-8.5,GO:0035637,multicellular organismal signaling,M1,1,0
1,-2.3,M4633,GSE24634 IL4 VS CTRL TREATED NAIVE CD4 TCELL DAY5 UP,M1,1,0
1,-2,GO:0110151,positive regulation of biomineralization,M1,1,0
1,-5,WP1992,Genes targeted by miRNAs in adipocytes,M1,1,0
1,-12,GO:0120031,plasma membrane bounded cell projection assembly,M1,1,0
1,-4.8,GO:0009199,ribonucleoside triphosphate metabolic process,M1,1,0
1,-5.7,M253,BONOME OVARIAN CANCER SURVIVAL SUBOPTIMAL DEBULKING,M1,1,0
1,-2.7,GO:0002520,immune system development,M1,1,0
1,-2.2,M7585,TURASHVILI BREAST DUCTAL CARCINOMA VS DUCTAL NORMAL UP,M1,1,0
1,-3,M4645,GSE25087 FETAL VS ADULT TCONV UP,M1,1,0
1,-4.8,GO:0007528,neuromuscular junction development,M1,1,0
1,-13,GO:0051905,establishment of pigment granule localization,M1,1,0
1,-3.9,GO:0008217,regulation of blood pressure,M1,1,0
1,-14,GO:0086002,cardiac muscle cell action potential involved in contraction,M1,1,0
1,-3.2,GO:0005911,cell-cell junction,M1,1,0
1,-3.6,GO:0040011,locomotion,M1,1,0
1,-5.6,GO:0009913,epidermal cell differentiation,M1,1,0
1,-2.3,GO:0055123,digestive system development,M1,1,0
1,-2.3,GO:2000177,regulation of neural precursor cell proliferation,M1,1,0
1,-2.6,M15672,RICKMAN TUMOR DIFFERENTIATED MODERATELY VS POORLY UP,M1,1,0
1,-2.1,GO:0051283,negative regulation of sequestering of calcium ion,M1,1,0
1,-4.8,hsa04974,Protein digestion and absorption,M1,1,0
1,-2.8,M2885,KRAS.600.LUNG.BREAST UP.V1 DN,M1,1,0
1,-2.3,M449,GSE12963 UNINF VS ENV AND NEF DEFICIENT HIV1 INF CD4 TCELL UP,M1,1,0
1,-7,GO:0051650,establishment of vesicle localization,M1,1,0
1,-3,M9696,GSE43955 10H VS 30H ACT CD4 TCELL WITH TGFB IL6 UP,M1,1,0
1,-9.2,GO:0001895,retina homeostasis,M1,1,0
1,-2.3,M9770,GSE43863 TFH VS LY6C INT CXCR5POS EFFECTOR CD4 TCELL UP,M1,1,0
1,-4,R-HSA-430116,GP1b-IX-V activation signalling,M1,1,0
1,-3.8,M4080,GSE17721 0.5H VS 24H LPS BMDC DN,M1,1,0
1,-4.3,GO:0030198,extracellular matrix organization,M1,1,0
1,-10,GO:0005929,cilium,M1,1,0
1,-3.6,GO:0071468,cellular response to acidic pH,M1,1,0
1,-2.5,GO:0008206,bile acid metabolic process,M1,1,0
1,-3.8,M6639,GSE5589 WT VS IL6 KO LPS STIM MACROPHAGE 45MIN DN,M1,1,0
1,-2.9,GO:0021885,forebrain cell migration,M1,1,0
1,-5.1,GO:0042773,ATP synthesis coupled electron transport,M1,1,0
1,-12,GO:0007031,peroxisome organization,M1,1,0
1,-3,M3527,GSE15324 NAIVE VS ACTIVATED ELF4 KO CD8 TCELL DN,M1,1,0
1,-6,GO:0031594,neuromuscular junction,M1,1,0
1,-2.6,M2342,FEVR CTNNB1 TARGETS UP,M1,1,0
1,-2.3,M3954,GSE17721 POLYIC VS CPG 24H BMDC DN,M1,1,0
1,-2.4,M6060,GSE2770 IL12 VS TGFB AND IL12 TREATED ACT CD4 TCELL 6H DN,M1,1,0
1,-4.2,GO:0140352,export from cell,M1,1,0
