_MEMBER_MyList,_LogP_MyList,GO,Description,_PATTERN_,_RANK_,CHILD_GO_MyList
1,-20.052035442417637,GO:0043473,pigmentation,M1,1,GO:0043473 pigmentation
1,-17.01806585507712,GO:0032502,developmental process,M1,1,GO:0007423 sensory organ development
1,-16.201429738630896,GO:0032501,multicellular organismal process,M1,1,GO:0050953 sensory perception of light stimulus
1,-16.16877916714958,GO:0051179,localization,M1,1,GO:0098660 inorganic ion transmembrane transport
1,-14.659661320467652,GO:0065007,biological regulation,M1,1,GO:0086001 cardiac muscle cell action potential
1,-13.898198890500241,GO:0009987,cellular process,M1,1,GO:1905515 non-motile cilium assembly
1,-12.169737013017881,GO:0023052,signaling,M1,1,GO:0086091 regulation of heart rate by cardiac conduction
1,-9.376912016964042,GO:0050789,regulation of biological process,M1,1,GO:0060306 regulation of membrane repolarization
1,-8.19681731948927,GO:0002376,immune system process,M1,1,GO:0002456 T cell mediated immunity
1,-7.410050001137732,GO:0008152,metabolic process,M1,1,GO:0006631 fatty acid metabolic process
1,-6.851987823317233,GO:0051703,biological process involved in intraspecies interaction between organisms,M1,1,GO:0051703 biological process involved in intraspecies interaction between organisms
1,-6.168553663033928,GO:0040011,locomotion,M1,1,GO:0060296 regulation of cilium beat frequency involved in ciliary motility
1,-5.500810851930559,GO:0110148,biomineralization,M1,1,GO:0070166 enamel mineralization
1,-5.045975382847545,GO:0050896,response to stimulus,M1,1,GO:0051385 response to mineralocorticoid
1,-4.29154660610017,GO:0048518,positive regulation of biological process,M1,1,GO:0010572 positive regulation of platelet activation
1,-4.1557066126643365,GO:0048519,negative regulation of biological process,M1,1,GO:0032099 negative regulation of appetite
1,-4.103316197210524,GO:0040007,growth,M1,1,GO:0048589 developmental growth
1,-2.829247626558319,GO:0016032,viral process,M1,1,GO:0046718 viral entry into host cell
1,-2.793998345934218,GO:0044419,biological process involved in interspecies interaction between organisms,M1,1,GO:0044409 entry into host
1,-2.394862530255316,GO:0048511,rhythmic process,M1,1,GO:0007623 circadian rhythm
