_MEMBER_MyList,_LogP_MyList,GO,Description,_PATTERN_,_RANK_,CHILD_GO_MyList
1,-37.72722666772659,GO:0050896,response to stimulus,M1,1,GO:0006974 cellular response to DNA damage stimulus
1,-33.713865947780256,GO:0009987,cellular process,M1,1,GO:0008283 cell population proliferation
1,-32.534734845508126,GO:0002376,immune system process,M1,1,GO:0002520 immune system development
1,-31.555933510957008,GO:0050789,regulation of biological process,M1,1,GO:0010564 regulation of cell cycle process
1,-31.339840138289798,GO:0023052,signaling,M1,1,GO:0007169 transmembrane receptor protein tyrosine kinase signaling pathway
1,-28.953005877315345,GO:0008152,metabolic process,M1,1,GO:0051052 regulation of DNA metabolic process
1,-28.67357196066459,GO:0032502,developmental process,M1,1,GO:0048732 gland development
1,-25.969480202420346,GO:0048518,positive regulation of biological process,M1,1,GO:0051054 positive regulation of DNA metabolic process
1,-23.354723693852943,GO:0040011,locomotion,M1,1,GO:0030335 positive regulation of cell migration
1,-22.083522185383327,GO:0048519,negative regulation of biological process,M1,1,GO:0045786 negative regulation of cell cycle
1,-21.209961270159273,GO:0040007,growth,M1,1,GO:0040007 growth
1,-18.51108944754982,GO:0044419,biological process involved in interspecies interaction between organisms,M1,1,GO:0032496 response to lipopolysaccharide
1,-17.279017528150987,GO:0065007,biological regulation,M1,1,GO:0051347 positive regulation of transferase activity
1,-15.912172770399039,GO:0051179,localization,M1,1,GO:1900180 regulation of protein localization to nucleus
1,-15.56029292840667,GO:0022414,reproductive process,M1,1,GO:0048608 reproductive structure development
1,-11.050693895541796,GO:0032501,multicellular organismal process,M1,1,GO:0001894 tissue homeostasis
1,-8.157977969749147,GO:0048511,rhythmic process,M1,1,GO:0048511 rhythmic process
1,-4.892297921338832,GO:0016032,viral process,M1,1,GO:0050792 regulation of viral process
1,-2.8909266141911463,GO:0110148,biomineralization,M1,1,GO:0031214 biomineral tissue development
1,-2.7665808359597053,GO:0043473,pigmentation,M1,1,GO:0043473 pigmentation
