Network,Annotation
MyList,GO:0033059|cellular pigmentation|-19.7;GO:0043473|pigmentation|-18.9;GO:1990351|transporter complex|-17.4
MyList_MCODE_ALL,GO:0033059|cellular pigmentation|-19.6;GO:1990351|transporter complex|-17.9;GO:0015919|peroxisomal membrane transport|-17.6
MyList_SUB1_MCODE_1,R-HSA-9603798|Class I peroxisomal membrane protein import|-22.3;GO:0015919|peroxisomal membrane transport|-19.0;GO:0043574|peroxisomal transport|-18.6
MyList_SUB1_MCODE_2,R-HSA-5620922|BBSome-mediated cargo-targeting to cilium|-24.6;WP5234|Bardet-Biedl syndrome|-23.0;R-HSA-5620920|Cargo trafficking to the periciliary membrane|-21.5
MyList_SUB1_MCODE_3,R-HSA-1650814|Collagen biosynthesis and modifying enzymes|-18.7;R-HSA-1474290|Collagen formation|-17.8;R-HSA-1474244|Extracellular matrix organization|-14.0
MyList_SUB2_MCODE_4,GO:0031082|BLOC complex|-20.5;GO:0060155|platelet dense granule organization|-18.9;GO:0032438|melanosome organization|-17.6
MyList_SUB1_MCODE_5,GO:0034706|sodium channel complex|-12.4;GO:0005272|sodium channel activity|-11.3;GO:0035725|sodium ion transmembrane transport|-9.5
MyList_SUB1_MCODE_6,GO:0034707|chloride channel complex|-11.1;GO:0005254|chloride channel activity|-10.4;GO:0030321|transepithelial chloride transport|-10.1
MyList_SUB1_MCODE_7,R-HSA-9033241|Peroxisomal protein import|-8.1;hsa04146|Peroxisome|-7.7;GO:0005777|peroxisome|-7.0
