Cluster,Score,Type,Gene,Symbol,Network
2,3.7777777777777777,Clustered,27241,BBS9,MyList_SUB1
2,3.7777777777777777,Clustered,585,BBS4,MyList_SUB1
2,3.7777777777777777,Clustered,9657,IQCB1,MyList_SUB1
2,3.7777777777777777,Clustered,8195,MKKS,MyList_SUB1
2,3.7777777777777777,Clustered,583,BBS2,MyList_SUB1
2,3.7777777777777777,Clustered,129880,BBS5,MyList_SUB1
2,3.7777777777777777,Clustered,55212,BBS7,MyList_SUB1
2,3.7777777777777777,Clustered,582,BBS1,MyList_SUB1
2,3.7777777777777777,Seed,166379,BBS12,MyList_SUB1
1,3.4,Clustered,4723,NDUFV1,MyList_SUB1
1,3.4,Clustered,5824,PEX19,MyList_SUB1
1,3.4,Clustered,5825,ABCD3,MyList_SUB1
1,3.4,Clustered,5194,PEX13,MyList_SUB1
1,3.4,Clustered,4728,NDUFS8,MyList_SUB1
1,3.4,Clustered,224,ALDH3A2,MyList_SUB1
1,3.4,Clustered,1716,DGUOK,MyList_SUB1
1,3.4,Clustered,8504,PEX3,MyList_SUB1
1,3.4,Clustered,4722,NDUFS3,MyList_SUB1
1,3.4,Clustered,4724,NDUFS4,MyList_SUB1
1,3.4,Clustered,5195,PEX14,MyList_SUB1
1,3.4,Seed,9409,PEX16,MyList_SUB1
1,3.4,Clustered,374291,NDUFS7,MyList_SUB1
1,3.4,Clustered,5828,PEX2,MyList_SUB1
1,3.4,Clustered,4695,NDUFA2,MyList_SUB1
3,3.0,Seed,1286,COL4A4,MyList_SUB1
3,3.0,Clustered,1290,COL5A2,MyList_SUB1
3,3.0,Clustered,1287,COL4A5,MyList_SUB1
3,3.0,Clustered,80781,COL18A1,MyList_SUB1
3,3.0,Clustered,1302,COL11A2,MyList_SUB1
3,3.0,Clustered,5352,PLOD2,MyList_SUB1
3,3.0,Clustered,5351,PLOD1,MyList_SUB1
5,1.5,Seed,6330,SCN4B,MyList_SUB1
5,1.5,Clustered,6338,SCNN1B,MyList_SUB1
5,1.5,Clustered,6340,SCNN1G,MyList_SUB1
5,1.5,Clustered,55800,SCN3B,MyList_SUB1
6,1.5,Clustered,196527,ANO6,MyList_SUB1
6,1.5,Seed,7439,BEST1,MyList_SUB1
6,1.5,Clustered,1188,CLCNKB,MyList_SUB1
6,1.5,Clustered,1187,CLCNKA,MyList_SUB1
7,1.0,Clustered,4358,MPV17,MyList_SUB1
7,1.0,Seed,570,BAAT,MyList_SUB1
7,1.0,Clustered,5192,PEX10,MyList_SUB1
4,2.5,Clustered,84343,HPS3,MyList_SUB2
4,2.5,Clustered,3257,HPS1,MyList_SUB2
4,2.5,Clustered,89781,HPS4,MyList_SUB2
4,2.5,Clustered,79803,HPS6,MyList_SUB2
4,2.5,Seed,11234,HPS5,MyList_SUB2
4,2.5,Clustered,388552,BLOC1S3,MyList_SUB2
