_MEMBER_MyList,_LogP_MyList,GO,_PATTERN_,_RANK_,GiniIndex,Category,CategoryID,Description,PARENT_GO,LogP,Enrichment,Z-score,#TotalGeneInLibrary,#GeneInGO,#GeneInHitList,#GeneInGOAndHitList,%InGO,STDV %InGO,GeneID,Hits,Log(q-value),EvidenceCutoff
1,-5,M39257,M1,1,0,Cell Type Signatures,7,MENON FETAL KIDNEY 7 LOOPOF HENLE CELLS DISTAL,,-5,5.2,6.2,30169,276,231,11,4.8,1.4,1188|2512|3758|4695|4722|4723|4728|7021|8802|80781|374291,CLCNKB|FTL|KCNJ1|NDUFA2|NDUFS3|NDUFV1|NDUFS8|TFAP2B|SUCLG1|COL18A1|NDUFS7,-3.4,0
1,-4,M40313,M1,1,0,Cell Type Signatures,7,DESCARTES FETAL THYMUS STROMAL CELLS,,-4,6.7,5.8,30169,137,231,7,3,1.1,1290|2200|3730|4256|23363|91252|147372,COL5A2|FBN1|ANOS1|MGP|OBSL1|SLC39A13|CCBE1,-2.5,0
1,-3.8,M40299,M1,1,0,Cell Type Signatures,7,DESCARTES FETAL STOMACH SQUAMOUS EPITHELIAL CELLS,,-3.8,9.7,6.3,30169,67,231,5,2.2,0.96,5317|5818|6338|11005|81607,PKP1|NECTIN1|SCNN1B|SPINK5|NECTIN4,-2.3,0
1,-3.7,M40223,M1,1,0,Cell Type Signatures,7,DESCARTES FETAL KIDNEY METANEPHRIC CELLS,,-3.7,6,5.4,30169,152,231,7,3,1.1,1144|2138|3758|4010|4868|7827|10083,CHRND|EYA1|KCNJ1|LMX1B|NPHS1|NPHS2|USH1C,-2.3,0
1,-3.6,M39175,M1,1,0,Cell Type Signatures,7,MURARO PANCREAS MESENCHYMAL STROMAL CELL,,-3.6,2.9,4.4,30169,680,231,15,6.5,1.6,1075|1290|2200|4256|4692|4810|5351|5352|9244|23111|51715|80781|161742|196527|285590,CTSC|COL5A2|FBN1|MGP|NDN|NHS|PLOD1|PLOD2|CRLF1|SPART|RAB23|COL18A1|SPRED1|ANO6|SH3PXD2B,-2.1,0
1,-3.3,M40173,M1,1,0,Cell Type Signatures,7,DESCARTES FETAL CEREBRUM INHIBITORY NEURONS,,-3.3,11,6.1,30169,47,231,4,1.7,0.86,551|3736|7021|170302,AVP|KCNA1|TFAP2B|ARX,-1.9,0
1,-3.3,M39017,M1,1,0,Cell Type Signatures,7,FAN EMBRYONIC CTX BIG GROUPS CAJAL RETZIUS,,-3.3,3.1,4.2,30169,499,231,12,5.2,1.5,1717|4128|4728|5317|5352|6330|10468|11005|23400|23529|51422|80781,DHCR7|MAOA|NDUFS8|PKP1|PLOD2|SCN4B|FST|SPINK5|ATP13A2|CLCF1|PRKAG2|COL18A1,-1.9,0
1,-3.2,M39167,M1,1,0,Cell Type Signatures,7,GAO LARGE INTESTINE ADULT CJ IMMUNE CELLS,,-3.2,3.1,4.2,30169,505,231,12,5.2,1.5,1287|1290|2200|2668|3075|4256|7466|10468|23111|54345|56975|80781,COL4A5|COL5A2|FBN1|GDNF|CFH|MGP|WFS1|FST|SPART|SOX18|FAM20C|COL18A1,-1.8,0
1,-3.1,M40014,M1,1,0,Cell Type Signatures,7,BUSSLINGER GASTRIC PARIETAL CELLS,,-3.1,4.1,4.4,30169,254,231,8,3.5,1.2,2512|3784|4722|4723|4724|4728|8802|9992,FTL|KCNQ1|NDUFS3|NDUFV1|NDUFS4|NDUFS8|SUCLG1|KCNE2,-1.7,0
1,-3.1,M39264,M1,1,0,Cell Type Signatures,7,HU FETAL RETINA FIBROBLAST,,-3.1,3.4,4.1,30169,385,231,10,4.3,1.3,1075|1287|1290|1908|2200|2303|2317|4810|5308|10468,CTSC|COL4A5|COL5A2|EDN3|FBN1|FOXC2|FLNB|NHS|PITX2|FST,-1.7,0
1,-3.1,M39209,M1,1,0,Cell Type Signatures,7,HAY BONE MARROW STROMAL,,-3.1,2.6,3.8,30169,765,231,15,6.5,1.6,1290|2052|2138|2200|2303|3075|4256|4281|4692|5308|6913|10468|81031|147372|285590,COL5A2|EPHX1|EYA1|FBN1|FOXC2|CFH|MGP|MID1|NDN|PITX2|TBX15|FST|SLC2A10|CCBE1|SH3PXD2B,-1.6,0
1,-3,M39074,M1,1,0,Cell Type Signatures,7,ZHONG PFC MAJOR TYPES ASTROCYTES,,-3,3.6,4.2,30169,325,231,9,3.9,1.3,323|583|1717|2746|3730|3766|4038|5825|145173,APBB2|BBS2|DHCR7|GLUD1|ANOS1|KCNJ10|LRP4|ABCD3|B3GLCT,-1.6,0
1,-3,M40255,M1,1,0,Cell Type Signatures,7,DESCARTES FETAL MUSCLE STROMAL CELLS,,-3,6.7,4.9,30169,98,231,5,2.2,0.96,3730|3736|4256|147372|392255,ANOS1|KCNA1|MGP|CCBE1|GDF6,-1.6,0
1,-2.8,M40160,M1,1,0,Cell Type Signatures,7,DESCARTES FETAL CEREBELLUM OLIGODENDROCYTES,,-2.8,5.9,4.5,30169,111,231,5,2.2,0.96,2138|2668|3166|6663|392255,EYA1|GDNF|HMX1|SOX10|GDF6,-1.4,0
1,-2.6,M39055,M1,1,0,Cell Type Signatures,7,MANNO MIDBRAIN NEUROTYPES HRGL2A,,-2.6,2.6,3.5,30169,600,231,12,5.2,1.5,783|1287|1717|2746|3730|3758|5873|6330|9663|23363|161742|285590,CACNB2|COL4A5|DHCR7|GLUD1|ANOS1|KCNJ1|RAB27A|SCN4B|LPIN2|OBSL1|SPRED1|SH3PXD2B,-1.3,0
1,-2.6,M39203,M1,1,0,Cell Type Signatures,7,HAY BONE MARROW NEUTROPHIL,,-2.6,2.9,3.6,30169,449,231,10,4.3,1.3,240|1130|1890|5873|10008|51099|60675|91662|196527|374291,ALOX5|LYST|TYMP|RAB27A|KCNE3|ABHD5|PROK2|NLRP12|ANO6|NDUFS7,-1.2,0
1,-2.6,M40169,M1,1,0,Cell Type Signatures,7,DESCARTES FETAL CEREBRUM OLIGODENDROCYTES,,-2.6,7,4.5,30169,75,231,4,1.7,0.86,2668|3166|6663|392255,GDNF|HMX1|SOX10|GDF6,-1.2,0
1,-2.6,M40138,M1,1,0,Cell Type Signatures,7,DESCARTES MAIN FETAL PARIETAL AND CHIEF CELLS,,-2.6,5.2,4.2,30169,125,231,5,2.2,0.96,1187|3784|4722|9992|10560,CLCNKA|KCNQ1|NDUFS3|KCNE2|SLC19A2,-1.2,0
1,-2.5,M39231,M1,1,0,Cell Type Signatures,7,LAKE ADULT KIDNEY C12 THICK ASCENDING LIMB,,-2.5,3.1,3.6,30169,381,231,9,3.9,1.3,1187|1188|2317|3758|3784|4723|8802|23363|80781,CLCNKA|CLCNKB|FLNB|KCNJ1|KCNQ1|NDUFV1|SUCLG1|OBSL1|COL18A1,-1.2,0
1,-2.5,M39050,M1,1,0,Cell Type Signatures,7,MANNO MIDBRAIN NEUROTYPES HPERIC,,-2.5,2.3,3.3,30169,795,231,14,6.1,1.6,1290|2052|2200|2812|3075|4256|5351|6330|6913|8869|10008|80781|84282|161742,COL5A2|EPHX1|FBN1|GP1BB|CFH|MGP|PLOD1|SCN4B|TBX15|ST3GAL5|KCNE3|COL18A1|RNF135|SPRED1,-1.1,0
1,-2.4,M40158,M1,1,0,Cell Type Signatures,7,DESCARTES FETAL CEREBELLUM VASCULAR ENDOTHELIAL CELLS,,-2.4,2.5,3.3,30169,632,231,12,5.2,1.5,326|1908|2303|3075|3759|5351|6899|7466|23171|54345|55640|80781,AIRE|EDN3|FOXC2|CFH|KCNJ2|PLOD1|TBX1|WFS1|GPD1L|SOX18|FLVCR2|COL18A1,-1.1,0
1,-2.4,M40117,M1,1,0,Cell Type Signatures,7,DESCARTES MAIN FETAL METANEPHRIC CELLS,,-2.4,9.1,4.7,30169,43,231,3,1.3,0.74,2138|3758|7827,EYA1|KCNJ1|NPHS2,-1,0
1,-2.4,M41710,M1,1,0,Cell Type Signatures,7,FAN OVARY CL8 MATURE CUMULUS GRANULOSA CELL 2,,-2.4,2.4,3.2,30169,646,231,12,5.2,1.5,268|1716|2052|4695|4724|4728|5447|6638|9663|10468|84153|374291,AMH|DGUOK|EPHX1|NDUFA2|NDUFS4|NDUFS8|POR|SNRPN|LPIN2|FST|RNASEH2C|NDUFS7,-1,0
1,-2.3,M40079,M1,1,0,Cell Type Signatures,7,DESCARTES MAIN FETAL ADRENOCORTICAL CELLS,,-2.3,5.9,4.1,30169,88,231,4,1.7,0.86,224|583|1717|5447,ALDH3A2|BBS2|DHCR7|POR,-1,0
1,-2.3,M40180,M1,1,0,Cell Type Signatures,7,DESCARTES FETAL EYE STROMAL CELLS,,-2.3,5.8,4,30169,90,231,4,1.7,0.86,1290|2200|4010|4256,COL5A2|FBN1|LMX1B|MGP,-0.98,0
1,-2.3,M40222,M1,1,0,Cell Type Signatures,7,DESCARTES FETAL KIDNEY STROMAL CELLS,,-2.3,4.5,3.7,30169,146,231,5,2.2,0.96,2200|3736|4256|6913|392255,FBN1|KCNA1|MGP|TBX15|GDF6,-0.96,0
1,-2.3,M41670,M1,1,0,Cell Type Signatures,7,TRAVAGLINI LUNG LYMPHATIC CELL,,-2.3,3.7,3.5,30169,209,231,6,2.6,1,1723|3075|6338|6899|7466|55800,DHODH|CFH|SCNN1B|TBX1|WFS1|SCN3B,-0.95,0
1,-2.1,M39057,M1,1,0,Cell Type Signatures,7,MANNO MIDBRAIN NEUROTYPES HRGL1,,-2.1,2.9,3.2,30169,364,231,8,3.5,1.2,1287|5352|7466|10560|55640|80781|145173|170302,COL4A5|PLOD2|WFS1|SLC19A2|FLVCR2|COL18A1|B3GLCT|ARX,-0.85,0
1,-2.1,M39129,M1,1,0,Cell Type Signatures,7,AIZARANI LIVER C30 HEPATOCYTES 4,,-2.1,2.6,3.1,30169,446,231,9,3.9,1.3,570|3075|5447|5873|9342|10468|80781|91662|147372,BAAT|CFH|POR|RAB27A|SNAP29|FST|COL18A1|NLRP12|CCBE1,-0.83,0
1,-2.1,M39295,M1,1,0,Cell Type Signatures,7,DURANTE ADULT OLFACTORY NEUROEPITHELIUM OLFACTORY MICROVILLAR CELLS,,-2.1,7.4,4.1,30169,53,231,3,1.3,0.74,1188|6338|7809,CLCNKB|SCNN1B|BSND,-0.82,0
1,-2.1,M41675,M1,1,0,Cell Type Signatures,7,TRAVAGLINI LUNG ADVENTITIAL FIBROBLAST CELL,,-2.1,3.1,3.2,30169,296,231,7,3,1.1,2200|2512|3075|4256|8864|9531|10560,FBN1|FTL|CFH|MGP|PER2|BAG3|SLC19A2,-0.81,0
1,-2,M39136,M1,1,0,Cell Type Signatures,7,GAO ESOPHAGUS 25W C1 CILIATED EPITHELIAL CELLS,,-2,2.6,3,30169,457,231,9,3.9,1.3,323|582|1287|3753|23322|79083|91147|129880|200894,APBB2|BBS1|COL4A5|KCNE1|RPGRIP1L|MLPH|TMEM67|BBS5|ARL13B,-0.77,0
1,-2,M41652,M1,1,0,Cell Type Signatures,7,TRAVAGLINI LUNG PROXIMAL BASAL CELL,,-2,2.3,2.9,30169,629,231,11,4.8,1.4,224|1075|2052|2746|4723|4724|8803|8864|51082|79621|374291,ALDH3A2|CTSC|EPHX1|GLUD1|NDUFV1|NDUFS4|SUCLA2|PER2|POLR1D|RNASEH2B|NDUFS7,-0.75,0
