_MEMBER_MyList,_LogP_MyList,GO,_PATTERN_,_RANK_,GiniIndex,Category,CategoryID,Description,PARENT_GO,LogP,Enrichment,Z-score,#TotalGeneInLibrary,#GeneInGO,#GeneInHitList,#GeneInGOAndHitList,%InGO,STDV %InGO,GeneID,Hits,Log(q-value),EvidenceCutoff
1,-3.2,PGB:00036,M1,1,0,PaGenBase,36,Cell-specific: MOLT4,,-3.2,5.7,4.9,30169,137,231,6,2.6,1,2812|5172|5308|5994|10225|79621,GP1BB|SLC26A4|PITX2|RFXAP|CD96|RNASEH2B,-1.8,0
1,-2.9,PGB:00015,M1,1,0,PaGenBase,36,Tissue-specific: Smooth Muscle,,-2.9,6.3,4.8,30169,103,231,5,2.2,0.96,1290|2200|5351|5352|10468,COL5A2|FBN1|PLOD1|PLOD2|FST,-1.5,0
1,-2.8,PGB:00040,M1,1,0,PaGenBase,36,Tissue-specific: Pituitary,,-2.8,5.9,4.6,30169,110,231,5,2.2,0.96,1716|2138|3757|4647|5189,DGUOK|EYA1|KCNH2|MYO7A|PEX1,-1.4,0
1,-2.5,PGB:00025,M1,1,0,PaGenBase,36,Tissue-specific: pancreas,,-2.5,3.7,3.8,30169,245,231,7,3,1.1,1103|1144|1663|2815|4810|5818|80144,CHAT|CHRND|DDX11|GP9|NHS|NECTIN1|FRAS1,-1.2,0
1,-2.5,PGB:00044,M1,1,0,PaGenBase,36,Tissue-specific: skeletal muscle,,-2.5,3.1,3.6,30169,383,231,9,3.9,1.3,1144|2317|2668|3075|5308|5913|6899|7439|10560,CHRND|FLNB|GDNF|CFH|PITX2|RAPSN|TBX1|BEST1|SLC19A2,-1.2,0
1,-2.4,PGB:00004,M1,1,0,PaGenBase,36,Tissue-specific: kidney,,-2.4,2.7,3.3,30169,483,231,10,4.3,1.3,1187|1188|3758|4868|5172|6340|6559|7021|7809|7827,CLCNKA|CLCNKB|KCNJ1|NPHS1|SLC26A4|SCNN1G|SLC12A3|TFAP2B|BSND|NPHS2,-1,0
1,-2.3,PGB:00022,M1,1,0,PaGenBase,36,Tissue-specific: adrenal gland,,-2.3,3.9,3.6,30169,201,231,6,2.6,1,269|2811|4358|7054|10225|50814,AMHR2|GP1BA|MPV17|TH|CD96|NSDHL,-1,0
1,-2.3,PGB:00049,M1,1,0,PaGenBase,36,Cell-specific: Adipocyte,,-2.3,4.5,3.7,30169,145,231,5,2.2,0.96,2052|3075|4128|4593|9244,EPHX1|CFH|MAOA|MUSK|CRLF1,-0.97,0
1,-2,PGB:00165,M1,1,0,PaGenBase,36,Cell-specific: BDCA4+ Dentritic Cells,,-2,7,3.9,30169,56,231,3,1.3,0.74,950|2317|23400,SCARB2|FLNB|ATP13A2,-0.77,0
1,-2,PGB:00054,M1,1,0,PaGenBase,36,Tissue-specific: thyroid,,-2,3.4,3.2,30169,232,231,6,2.6,1,1908|5172|5828|5993|11005|23363,EDN3|SLC26A4|PEX2|RFX5|SPINK5|OBSL1,-0.76,0
