_MEMBER_MyList,_LogP_MyList,GO,_PATTERN_,_RANK_,GiniIndex,Category,CategoryID,Description,PARENT_GO,LogP,Enrichment,Z-score,#TotalGeneInLibrary,#GeneInGO,#GeneInHitList,#GeneInGOAndHitList,%InGO,STDV %InGO,GeneID,Hits,Log(q-value),EvidenceCutoff
1,-6.9,TRR01256,M1,1,0,TRRUST,34,Regulated by: SP1,,-6.9,4.5,7.1,30169,523,231,18,7.8,1.8,240|268|1302|1890|2200|2317|2668|3757|4014|4695|4723|5447|6338|6638|7054|10021|10560|80781,ALOX5|AMH|COL11A2|TYMP|FBN1|FLNB|GDNF|KCNH2|LORICRIN|NDUFA2|NDUFV1|POR|SCNN1B|SNRPN|TH|HCN4|SLC19A2|COL18A1,-5,0
1,-4.4,TRR01255,M1,1,0,TRRUST,34,Regulated by: SOX9,,-4.4,20,8.6,30169,26,231,4,1.7,0.86,268|1302|6663|7439,AMH|COL11A2|SOX10|BEST1,-2.8,0
1,-3.4,TRR01259,M1,1,0,TRRUST,34,Regulated by: SP3,,-3.4,6.2,5.2,30169,126,231,6,2.6,1,1302|1890|2317|4014|4695|54345,COL11A2|TYMP|FLNB|LORICRIN|NDUFA2|SOX18,-1.9,0
1,-3,TRR00253,M1,1,0,TRRUST,34,Regulated by: EGR1,,-3,6.6,4.9,30169,99,231,5,2.2,0.96,240|2668|5447|7054|54345,ALOX5|GDNF|POR|TH|SOX18,-1.6,0
1,-2.7,TRR01529,M1,1,0,TRRUST,34,Regulated by: WT1,,-2.7,7.7,4.8,30169,68,231,4,1.7,0.86,268|4695|4868|10535,AMH|NDUFA2|NPHS1|RNASEH2A,-1.4,0
1,-2.3,TRR00275,M1,1,0,TRRUST,34,Regulated by: ESR1,,-2.3,6,4.1,30169,87,231,4,1.7,0.86,268|551|1103|10535,AMH|AVP|CHAT|RNASEH2A,-1,0
