,train_size,models,train_scores_fold_1,train_scores_fold_2,train_scores_fold_3,train_scores_fold_4,train_scores_fold_5,train_scores_fold_6,train_scores_fold_7,train_scores_fold_8,train_scores_fold_9,train_scores_fold_10,validation_scores_fold_1,validation_scores_fold_2,validation_scores_fold_3,validation_scores_fold_4,validation_scores_fold_5,validation_scores_fold_6,validation_scores_fold_7,validation_scores_fold_8,validation_scores_fold_9,validation_scores_fold_10,fit_times_fold_1,fit_times_fold_2,fit_times_fold_3,fit_times_fold_4,fit_times_fold_5,fit_times_fold_6,fit_times_fold_7,fit_times_fold_8,fit_times_fold_9,fit_times_fold_10
0,31,firstmlp,1.0,1.0,1.0,1.0,1.0,1.0,1.0,1.0,1.0,1.0,0.8285714285714286,0.9428571428571428,0.9428571428571428,0.8857142857142857,0.8285714285714286,0.8857142857142857,0.8571428571428571,0.8857142857142857,0.8285714285714286,0.8235294117647058,0.7569749355316162,0.7700319290161133,0.7371690273284912,0.7376477718353271,0.7340121269226074,0.7374966144561768,0.7362220287322998,0.737790584564209,0.7350773811340332,0.7385280132293701
1,62,firstmlp,0.9838709677419355,0.9838709677419355,1.0,1.0,1.0,1.0,1.0,1.0,1.0,1.0,0.8285714285714286,0.8857142857142857,0.8857142857142857,0.8857142857142857,0.9428571428571428,0.8571428571428571,0.9714285714285714,0.9428571428571428,0.8571428571428571,0.8529411764705882,0.854957103729248,0.8448009490966797,0.8532009124755859,0.8501579761505127,0.8509426116943359,0.8598728179931641,0.8598940372467041,0.8592960834503174,0.8547096252441406,0.8548552989959717
2,94,firstmlp,0.9893617021276596,0.9893617021276596,1.0,0.9893617021276596,0.9893617021276596,0.9893617021276596,0.9893617021276596,0.9893617021276596,0.9893617021276596,0.9893617021276596,0.8857142857142857,0.8571428571428571,0.9428571428571428,0.9428571428571428,0.9428571428571428,0.9428571428571428,0.8857142857142857,0.9142857142857143,0.9142857142857143,0.8529411764705882,0.9724245071411133,0.963191032409668,0.966559648513794,0.9773492813110352,0.9630661010742188,0.9774765968322754,1.0058419704437256,0.966433048248291,0.9609935283660889,0.9680557250976562
3,125,firstmlp,0.992,0.992,1.0,0.992,0.992,0.992,0.992,0.992,0.992,0.992,0.8571428571428571,0.8571428571428571,0.8857142857142857,0.9142857142857143,0.8571428571428571,0.8571428571428571,0.9714285714285714,0.9142857142857143,0.9428571428571428,0.9117647058823529,1.1146390438079834,1.0849840641021729,1.0867033004760742,1.0795223712921143,1.0783748626708984,1.0864982604980469,1.1590244770050049,1.0798275470733643,1.0887415409088135,1.0803627967834473
4,157,firstmlp,0.9936305732484076,0.9936305732484076,1.0,0.9936305732484076,0.9936305732484076,0.9936305732484076,0.9936305732484076,0.9936305732484076,0.9936305732484076,0.9936305732484076,0.8571428571428571,0.9142857142857143,0.9428571428571428,0.9142857142857143,0.8857142857142857,0.9428571428571428,1.0,0.9714285714285714,0.8571428571428571,0.8823529411764706,1.2100894451141357,1.2082886695861816,1.2127833366394043,1.2049124240875244,1.2075092792510986,1.210200309753418,1.3011510372161865,1.2042195796966553,1.2080566883087158,1.2047486305236816
5,188,firstmlp,0.9946808510638298,0.9946808510638298,1.0,0.9946808510638298,0.9946808510638298,0.9946808510638298,0.9946808510638298,0.9946808510638298,0.9946808510638298,0.9946808510638298,0.8857142857142857,0.8571428571428571,0.9428571428571428,0.9142857142857143,0.8571428571428571,0.9428571428571428,1.0,0.9428571428571428,0.8857142857142857,0.8823529411764706,1.3344345092773438,1.3201355934143066,1.31313157081604,1.3352363109588623,1.3164796829223633,1.3172039985656738,1.4364228248596191,1.3503673076629639,1.3207740783691406,1.312237024307251
6,219,firstmlp,0.9954337899543378,0.9954337899543378,1.0,0.9954337899543378,0.9954337899543378,0.9954337899543378,0.9954337899543378,0.9954337899543378,0.9954337899543378,0.9954337899543378,0.9142857142857143,0.8857142857142857,0.9428571428571428,0.9142857142857143,0.9428571428571428,0.9714285714285714,1.0,0.9714285714285714,0.9428571428571428,0.9117647058823529,2.038907051086426,2.042194128036499,2.0342438220977783,2.0205352306365967,2.06199049949646,2.0394415855407715,2.0351548194885254,2.024550676345825,2.05232572555542,2.029510259628296
7,251,firstmlp,0.9960159362549801,0.9960159362549801,1.0,0.9960159362549801,0.9960159362549801,0.9960159362549801,0.9960159362549801,0.9960159362549801,0.9960159362549801,0.9960159362549801,0.9142857142857143,0.9428571428571428,0.9428571428571428,0.9142857142857143,0.8857142857142857,0.9714285714285714,1.0,0.9714285714285714,0.9428571428571428,0.8823529411764706,2.1475603580474854,2.0550856590270996,2.182370185852051,2.0198421478271484,2.121000051498413,2.1499996185302734,2.190308094024658,2.080052137374878,2.1317203044891357,2.143008232116699
8,282,firstmlp,0.9964539007092199,0.9964539007092199,1.0,0.9964539007092199,0.9964539007092199,0.9964539007092199,0.9964539007092199,0.9964539007092199,0.9964539007092199,0.9964539007092199,0.9428571428571428,0.9142857142857143,0.9428571428571428,0.9714285714285714,0.9142857142857143,0.9714285714285714,0.9714285714285714,0.9714285714285714,0.9428571428571428,0.9117647058823529,2.1795923709869385,2.1358773708343506,2.2769060134887695,2.0775299072265625,2.053218364715576,2.193455457687378,2.1935367584228516,2.1345577239990234,2.1928133964538574,2.2164087295532227
9,314,firstmlp,0.9968152866242038,0.9968152866242038,1.0,0.9968152866242038,0.9968152866242038,0.9968152866242038,0.9968152866242038,0.9968152866242038,0.9968152866242038,0.9968152866242038,0.9714285714285714,0.9428571428571428,0.9714285714285714,0.9714285714285714,0.9428571428571428,0.9714285714285714,1.0,0.9714285714285714,0.9428571428571428,0.9411764705882353,2.2657880783081055,2.220027208328247,2.4023008346557617,2.1725850105285645,2.34683895111084,2.3001818656921387,2.3242390155792236,2.287839412689209,2.3417482376098633,2.322406053543091
10,31,svmrbf,0.9354838709677419,0.967741935483871,0.967741935483871,0.967741935483871,0.967741935483871,0.967741935483871,0.967741935483871,0.967741935483871,0.967741935483871,0.967741935483871,0.7714285714285715,0.8285714285714286,0.8857142857142857,0.7714285714285715,0.8571428571428571,0.9142857142857143,0.7714285714285715,0.7714285714285715,0.8285714285714286,0.7941176470588235,0.014713525772094727,0.012015104293823242,0.011826038360595703,0.011942148208618164,0.012032508850097656,0.01216435432434082,0.011957883834838867,0.011955022811889648,0.012045860290527344,0.012061595916748047
11,62,svmrbf,0.967741935483871,0.967741935483871,0.9516129032258065,0.9516129032258065,0.9516129032258065,0.9516129032258065,0.9516129032258065,0.9516129032258065,0.9516129032258065,0.9516129032258065,0.8857142857142857,0.8571428571428571,1.0,0.7714285714285715,0.8571428571428571,0.8571428571428571,0.8285714285714286,0.8857142857142857,0.8857142857142857,0.7647058823529411,0.020910978317260742,0.017679214477539062,0.017768144607543945,0.017728090286254883,0.01760721206665039,0.01767754554748535,0.017984867095947266,0.017685413360595703,0.01789093017578125,0.01781749725341797
12,94,svmrbf,0.9574468085106383,0.9680851063829787,0.9574468085106383,0.9680851063829787,0.9680851063829787,0.9680851063829787,0.9680851063829787,0.9680851063829787,0.9680851063829787,0.9680851063829787,0.8857142857142857,0.9142857142857143,0.9428571428571428,0.7714285714285715,0.9142857142857143,0.8857142857142857,0.9142857142857143,0.8857142857142857,0.8857142857142857,0.8529411764705882,0.031239986419677734,0.027352094650268555,0.026790380477905273,0.02701544761657715,0.02724623680114746,0.027329206466674805,0.02712225914001465,0.02722787857055664,0.02731633186340332,0.027082204818725586
13,125,svmrbf,0.96,0.968,0.968,0.976,0.968,0.968,0.968,0.968,0.968,0.968,0.9142857142857143,0.9142857142857143,1.0,0.8285714285714286,0.8571428571428571,0.8857142857142857,0.9142857142857143,0.8857142857142857,0.9142857142857143,0.9117647058823529,0.03934788703918457,0.039948225021362305,0.03948545455932617,0.03955888748168945,0.039255619049072266,0.03962111473083496,0.03966212272644043,0.03953671455383301,0.03946638107299805,0.03983473777770996
14,157,svmrbf,0.9617834394904459,0.9681528662420382,0.9554140127388535,0.9745222929936306,0.9681528662420382,0.9681528662420382,0.9681528662420382,0.9681528662420382,0.9681528662420382,0.9681528662420382,0.9142857142857143,0.9142857142857143,1.0,0.8285714285714286,0.8285714285714286,0.9428571428571428,0.9714285714285714,0.9428571428571428,0.9428571428571428,0.9117647058823529,0.05712080001831055,0.05599021911621094,0.05575418472290039,0.05614495277404785,0.05586957931518555,0.05575084686279297,0.05627560615539551,0.05571484565734863,0.05614948272705078,0.056205034255981445
15,188,svmrbf,0.973404255319149,0.9680851063829787,0.973404255319149,0.973404255319149,0.9787234042553191,0.9680851063829787,0.9627659574468085,0.9627659574468085,0.9627659574468085,0.9627659574468085,0.8857142857142857,0.8857142857142857,0.9714285714285714,0.8285714285714286,0.8571428571428571,0.9428571428571428,0.9428571428571428,0.9428571428571428,0.9142857142857143,0.9411764705882353,0.07424497604370117,0.0744321346282959,0.07320451736450195,0.07474708557128906,0.07452273368835449,0.07394552230834961,0.07439589500427246,0.07426142692565918,0.07483124732971191,0.0745081901550293
16,219,svmrbf,0.9817351598173516,0.9771689497716894,0.9771689497716894,0.9726027397260274,0.9817351598173516,0.9771689497716894,0.9634703196347032,0.9726027397260274,0.9726027397260274,0.9726027397260274,0.8857142857142857,0.8857142857142857,0.9428571428571428,0.8285714285714286,0.8857142857142857,0.9714285714285714,0.9714285714285714,0.9428571428571428,0.9714285714285714,0.9117647058823529,0.09633159637451172,0.09694600105285645,0.09497427940368652,0.09609317779541016,0.09579753875732422,0.0963134765625,0.09576630592346191,0.09555292129516602,0.09540081024169922,0.09545016288757324
17,251,svmrbf,0.9840637450199203,0.9800796812749004,0.9800796812749004,0.9800796812749004,0.9840637450199203,0.9800796812749004,0.9721115537848606,0.9840637450199203,0.9800796812749004,0.9800796812749004,0.8857142857142857,0.9142857142857143,0.9714285714285714,0.8285714285714286,0.8571428571428571,0.9714285714285714,1.0,0.9714285714285714,0.9714285714285714,0.9411764705882353,0.12187385559082031,0.12251472473144531,0.11972928047180176,0.12132453918457031,0.12032699584960938,0.12092947959899902,0.11960029602050781,0.12035489082336426,0.12031412124633789,0.11919450759887695
18,282,svmrbf,0.9858156028368794,0.9858156028368794,0.9822695035460993,0.9787234042553191,0.9858156028368794,0.9822695035460993,0.9822695035460993,0.9893617021276596,0.9822695035460993,0.9822695035460993,0.8571428571428571,0.9142857142857143,1.0,0.8571428571428571,0.9142857142857143,0.9714285714285714,1.0,0.9428571428571428,0.9714285714285714,0.9705882352941176,0.14708185195922852,0.14962005615234375,0.1476120948791504,0.14810633659362793,0.14768362045288086,0.14720845222473145,0.14751100540161133,0.1488499641418457,0.14595794677734375,0.14751219749450684
19,314,svmrbf,0.9872611464968153,0.9872611464968153,0.9840764331210191,0.9840764331210191,0.9872611464968153,0.9840764331210191,0.9840764331210191,0.9840764331210191,0.9840764331210191,0.9840764331210191,0.9428571428571428,0.8857142857142857,1.0,0.9142857142857143,0.9428571428571428,1.0,1.0,0.9428571428571428,0.9428571428571428,0.9705882352941176,0.1754465103149414,0.18043255805969238,0.17514538764953613,0.17633438110351562,0.17608189582824707,0.17502403259277344,0.17716503143310547,0.17699122428894043,0.1751880645751953,0.17874360084533691
20,31,lr,1.0,1.0,1.0,1.0,1.0,1.0,1.0,1.0,1.0,1.0,0.7142857142857143,0.8571428571428571,0.9142857142857143,0.8285714285714286,0.9142857142857143,0.8,0.8857142857142857,0.8857142857142857,0.9142857142857143,0.9117647058823529,0.030451297760009766,0.03146219253540039,0.031679630279541016,0.03149247169494629,0.02926778793334961,0.02913665771484375,0.02881026268005371,0.029626131057739258,0.028874874114990234,0.027384519577026367
21,62,lr,0.9838709677419355,0.9838709677419355,1.0,1.0,1.0,1.0,1.0,1.0,1.0,1.0,0.8857142857142857,0.8285714285714286,0.8285714285714286,0.8285714285714286,0.9142857142857143,0.7714285714285715,0.8,0.9428571428571428,0.8285714285714286,0.7941176470588235,0.02801799774169922,0.030127525329589844,0.028340816497802734,0.0283660888671875,0.028594970703125,0.028978824615478516,0.028579235076904297,0.02855086326599121,0.028487682342529297,0.028390884399414062
22,94,lr,1.0,0.9893617021276596,1.0,0.9893617021276596,0.9893617021276596,0.9893617021276596,0.9893617021276596,0.9893617021276596,0.9893617021276596,0.9893617021276596,0.8857142857142857,0.8571428571428571,0.8285714285714286,0.8857142857142857,0.9142857142857143,0.9142857142857143,0.9142857142857143,0.9428571428571428,0.8571428571428571,0.8529411764705882,0.02911663055419922,0.03128528594970703,0.03298068046569824,0.03368997573852539,0.033423423767089844,0.03348278999328613,0.033388614654541016,0.03352856636047363,0.03341221809387207,0.033292531967163086
23,125,lr,0.992,0.992,1.0,0.992,0.992,0.992,0.992,0.992,0.992,0.992,0.9142857142857143,0.7714285714285715,0.7714285714285715,0.8285714285714286,0.9142857142857143,0.8571428571428571,0.9142857142857143,0.9142857142857143,0.9428571428571428,0.8529411764705882,0.03352212905883789,0.033882856369018555,0.03334689140319824,0.03344392776489258,0.033431053161621094,0.033412933349609375,0.033388614654541016,0.03366398811340332,0.03368544578552246,0.03356671333312988
24,157,lr,0.9936305732484076,0.9936305732484076,1.0,1.0,0.9936305732484076,0.9936305732484076,0.9936305732484076,0.9936305732484076,0.9936305732484076,0.9936305732484076,0.9142857142857143,0.9428571428571428,0.8857142857142857,0.8857142857142857,0.8857142857142857,0.8571428571428571,0.9428571428571428,0.9428571428571428,0.9428571428571428,0.8529411764705882,0.0344538688659668,0.035187482833862305,0.035681962966918945,0.0348970890045166,0.03615236282348633,0.03505992889404297,0.03493857383728027,0.0353693962097168,0.0348515510559082,0.03487253189086914
25,188,lr,0.9946808510638298,0.9946808510638298,1.0,0.9946808510638298,0.9946808510638298,0.9946808510638298,0.9946808510638298,0.9946808510638298,0.9946808510638298,0.9946808510638298,0.9142857142857143,0.8857142857142857,0.8857142857142857,0.8857142857142857,0.9142857142857143,0.8571428571428571,0.9428571428571428,0.9428571428571428,0.9142857142857143,0.8823529411764706,0.037474870681762695,0.03854036331176758,0.03666567802429199,0.0393376350402832,0.03926277160644531,0.03636741638183594,0.039072513580322266,0.038843631744384766,0.03911423683166504,0.038756370544433594
26,219,lr,0.9954337899543378,0.9954337899543378,1.0,0.9954337899543378,0.9954337899543378,0.9954337899543378,0.9954337899543378,0.9954337899543378,0.9954337899543378,0.9954337899543378,0.8857142857142857,0.9142857142857143,0.8857142857142857,0.9142857142857143,0.9142857142857143,0.9428571428571428,0.9714285714285714,0.9428571428571428,0.9428571428571428,0.9117647058823529,0.04011034965515137,0.03946828842163086,0.04345440864562988,0.04177236557006836,0.04131960868835449,0.04213690757751465,0.0436253547668457,0.03913378715515137,0.039066314697265625,0.03926515579223633
27,251,lr,0.9960159362549801,0.9960159362549801,1.0,0.9960159362549801,0.9960159362549801,0.9960159362549801,0.9960159362549801,0.9960159362549801,0.9960159362549801,0.9960159362549801,0.9142857142857143,0.9142857142857143,0.9142857142857143,0.8857142857142857,0.9142857142857143,0.9428571428571428,1.0,0.9428571428571428,0.9428571428571428,0.9117647058823529,0.04439234733581543,0.04105401039123535,0.0436558723449707,0.04188227653503418,0.04407501220703125,0.0414128303527832,0.043816566467285156,0.0415494441986084,0.04275965690612793,0.042243242263793945
28,282,lr,0.9964539007092199,0.9964539007092199,1.0,0.9964539007092199,0.9964539007092199,0.9964539007092199,0.9964539007092199,0.9964539007092199,0.9964539007092199,0.9964539007092199,0.9142857142857143,0.9142857142857143,0.9428571428571428,0.8857142857142857,0.9142857142857143,0.9428571428571428,1.0,0.9142857142857143,0.9428571428571428,0.9117647058823529,0.046556711196899414,0.04752326011657715,0.04683518409729004,0.04774308204650879,0.04540729522705078,0.043454885482788086,0.04617452621459961,0.04602193832397461,0.04700112342834473,0.04670572280883789
29,314,lr,0.9968152866242038,0.9968152866242038,1.0,1.0,0.9968152866242038,0.9968152866242038,0.9968152866242038,0.9968152866242038,0.9968152866242038,0.9968152866242038,0.9714285714285714,0.9428571428571428,0.9428571428571428,0.9714285714285714,0.9428571428571428,0.9714285714285714,0.9714285714285714,0.9428571428571428,0.9428571428571428,0.9117647058823529,0.05687236785888672,0.05255842208862305,0.05662274360656738,0.057889699935913086,0.05340170860290527,0.05373835563659668,0.05722546577453613,0.05321025848388672,0.05418658256530762,0.05372881889343262
30,31,mlp,1.0,1.0,1.0,1.0,1.0,1.0,1.0,1.0,1.0,1.0,0.8571428571428571,0.8857142857142857,0.9142857142857143,0.8857142857142857,0.8571428571428571,0.8571428571428571,0.8285714285714286,0.8571428571428571,0.8285714285714286,0.8235294117647058,0.48453783988952637,0.429396390914917,0.4274020195007324,0.4268169403076172,0.4292452335357666,0.4305877685546875,0.4263482093811035,0.4265456199645996,0.4296743869781494,0.42616844177246094
31,62,mlp,1.0,0.9838709677419355,1.0,1.0,1.0,1.0,1.0,1.0,1.0,1.0,0.8571428571428571,0.8285714285714286,0.8857142857142857,0.9428571428571428,0.9142857142857143,0.8857142857142857,0.9428571428571428,0.9428571428571428,0.8857142857142857,0.8529411764705882,0.5132088661193848,0.48840951919555664,0.5390052795410156,0.5457265377044678,0.5412125587463379,0.5397613048553467,0.538834810256958,0.5382723808288574,0.5368726253509521,0.5371654033660889
32,94,mlp,0.9893617021276596,0.9893617021276596,1.0,0.9893617021276596,0.9893617021276596,0.9893617021276596,0.9893617021276596,0.9893617021276596,0.9893617021276596,0.9893617021276596,0.8857142857142857,0.8571428571428571,0.9142857142857143,0.9714285714285714,0.9142857142857143,0.9428571428571428,0.9142857142857143,0.9428571428571428,0.9142857142857143,0.9117647058823529,0.5619626045227051,0.5217037200927734,0.6174020767211914,0.544276237487793,0.5708119869232178,0.5481290817260742,0.5423789024353027,0.5402190685272217,0.5401794910430908,0.5404269695281982
33,125,mlp,0.992,0.992,1.0,0.992,0.992,0.992,0.992,0.992,0.992,0.992,0.8857142857142857,0.8571428571428571,0.9142857142857143,0.9142857142857143,0.9142857142857143,0.9142857142857143,0.9714285714285714,1.0,0.9142857142857143,0.9117647058823529,0.598322868347168,0.5684659481048584,0.6776976585388184,0.5825543403625488,0.6420257091522217,0.6420326232910156,0.639354944229126,0.6393356323242188,0.6428899765014648,0.6374270915985107
34,157,mlp,0.9936305732484076,0.9936305732484076,1.0,0.9936305732484076,0.9936305732484076,0.9936305732484076,0.9936305732484076,0.9936305732484076,0.9936305732484076,0.9936305732484076,0.8571428571428571,0.8857142857142857,0.9142857142857143,0.9142857142857143,0.8857142857142857,0.9428571428571428,1.0,0.9714285714285714,0.8571428571428571,0.9117647058823529,0.6726226806640625,0.6462798118591309,0.7424659729003906,0.6614842414855957,0.6889438629150391,0.703622579574585,0.7004187107086182,0.6987857818603516,0.6976773738861084,0.698028564453125
35,188,mlp,0.9946808510638298,0.9946808510638298,1.0,0.9946808510638298,0.9946808510638298,0.9946808510638298,0.9946808510638298,0.9946808510638298,0.9946808510638298,0.9946808510638298,0.8571428571428571,0.8285714285714286,0.9428571428571428,0.9142857142857143,0.8571428571428571,0.9142857142857143,0.9714285714285714,0.9714285714285714,0.8857142857142857,0.9411764705882353,0.7189371585845947,0.693554162979126,0.8225224018096924,0.7232108116149902,0.7413713932037354,0.7439162731170654,0.7555549144744873,0.7549700736999512,0.7567989826202393,0.7535121440887451
36,219,mlp,0.9954337899543378,0.9954337899543378,1.0,0.9954337899543378,0.9954337899543378,0.9954337899543378,0.9954337899543378,0.9954337899543378,0.9954337899543378,0.9954337899543378,0.9142857142857143,0.8571428571428571,0.9428571428571428,0.9142857142857143,0.9428571428571428,0.9714285714285714,0.9714285714285714,1.0,0.9428571428571428,0.9117647058823529,1.0432720184326172,0.9917376041412354,1.1932275295257568,0.9989030361175537,1.0975170135498047,1.102426528930664,0.947808027267456,0.9164981842041016,0.916285514831543,0.9417803287506104
37,251,mlp,0.9960159362549801,0.9960159362549801,1.0,0.9960159362549801,0.9960159362549801,0.9960159362549801,0.9960159362549801,0.9960159362549801,0.9960159362549801,0.9960159362549801,0.9142857142857143,0.9142857142857143,0.9428571428571428,0.8857142857142857,0.9428571428571428,0.9714285714285714,0.9714285714285714,0.9714285714285714,0.9714285714285714,0.8529411764705882,0.9517273902893066,0.9410910606384277,1.0814597606658936,0.9498252868652344,0.9841082096099854,1.0230677127838135,0.9453167915344238,0.9118142127990723,0.8881957530975342,0.8863410949707031
38,282,mlp,0.9964539007092199,0.9964539007092199,1.0,0.9964539007092199,0.9964539007092199,0.9964539007092199,0.9964539007092199,0.9964539007092199,0.9964539007092199,0.9964539007092199,0.9142857142857143,0.9142857142857143,0.9428571428571428,0.9714285714285714,0.9428571428571428,1.0,0.9714285714285714,0.9428571428571428,0.9714285714285714,0.9411764705882353,0.9823074340820312,0.9534738063812256,1.0865252017974854,0.9389958381652832,1.00355863571167,0.9910006523132324,0.9715416431427002,0.9395694732666016,0.9297022819519043,0.8917160034179688
39,314,mlp,0.9968152866242038,0.9968152866242038,1.0,0.9968152866242038,0.9968152866242038,0.9968152866242038,0.9968152866242038,0.9968152866242038,0.9968152866242038,0.9968152866242038,0.9714285714285714,0.9428571428571428,0.9714285714285714,0.9714285714285714,0.9714285714285714,1.0,0.9714285714285714,0.9714285714285714,0.9714285714285714,0.9705882352941176,0.9585719108581543,0.9451391696929932,1.0591685771942139,0.949364423751831,0.9933438301086426,0.9881410598754883,0.9623548984527588,0.9456100463867188,0.9464194774627686,0.9414243698120117
40,31,bagrbf,0.9354838709677419,0.967741935483871,0.967741935483871,0.967741935483871,0.967741935483871,0.967741935483871,0.967741935483871,0.967741935483871,0.967741935483871,0.967741935483871,0.5142857142857142,0.8285714285714286,0.8571428571428571,0.7428571428571429,0.8,0.8857142857142857,0.8,0.7428571428571429,0.8285714285714286,0.8529411764705882,0.062093257904052734,0.04151415824890137,0.04141831398010254,0.04129505157470703,0.04200148582458496,0.04210829734802246,0.04160046577453613,0.04158377647399902,0.04174613952636719,0.04180550575256348
41,62,bagrbf,0.967741935483871,0.9516129032258065,0.967741935483871,0.967741935483871,0.967741935483871,0.967741935483871,0.967741935483871,0.967741935483871,0.967741935483871,0.967741935483871,0.8857142857142857,0.8857142857142857,0.9142857142857143,0.8,0.8285714285714286,0.8285714285714286,0.8,0.8571428571428571,0.8857142857142857,0.7941176470588235,0.050223350524902344,0.04890155792236328,0.04915595054626465,0.04860234260559082,0.04956221580505371,0.048807621002197266,0.04876208305358887,0.0487978458404541,0.04893779754638672,0.0488734245300293
42,94,bagrbf,0.9680851063829787,0.9787234042553191,0.9574468085106383,0.9574468085106383,0.9574468085106383,0.9574468085106383,0.9574468085106383,0.9574468085106383,0.9574468085106383,0.9574468085106383,0.8857142857142857,0.9142857142857143,1.0,0.7428571428571429,0.8571428571428571,0.8571428571428571,0.9142857142857143,0.8857142857142857,0.8857142857142857,0.8235294117647058,0.057350873947143555,0.05859065055847168,0.05754971504211426,0.0570831298828125,0.05717182159423828,0.05756378173828125,0.05735015869140625,0.05738091468811035,0.057985544204711914,0.05758166313171387
43,125,bagrbf,0.976,0.976,1.0,0.968,0.96,0.96,0.96,0.96,0.96,0.96,0.8857142857142857,0.9142857142857143,0.9428571428571428,0.8285714285714286,0.8571428571428571,0.8857142857142857,0.9428571428571428,0.8857142857142857,0.9142857142857143,0.9117647058823529,0.06761813163757324,0.06851077079772949,0.0692903995513916,0.06851911544799805,0.06849503517150879,0.06829214096069336,0.06833314895629883,0.06876778602600098,0.06830120086669922,0.06965065002441406
44,157,bagrbf,0.9936305732484076,0.9681528662420382,0.9681528662420382,0.9681528662420382,0.9808917197452229,0.9681528662420382,0.9681528662420382,0.9681528662420382,0.9681528662420382,0.9681528662420382,0.9428571428571428,0.9142857142857143,0.9714285714285714,0.8,0.8571428571428571,0.9428571428571428,1.0,0.9428571428571428,0.9142857142857143,0.9117647058823529,0.08348917961120605,0.08300971984863281,0.08339214324951172,0.0852510929107666,0.08339428901672363,0.08470869064331055,0.08396434783935547,0.08378052711486816,0.08450841903686523,0.0836489200592041
45,188,bagrbf,0.9946808510638298,0.9680851063829787,0.9680851063829787,0.9680851063829787,1.0,0.9946808510638298,0.9946808510638298,0.9946808510638298,0.9946808510638298,0.9946808510638298,0.8857142857142857,0.8285714285714286,0.9714285714285714,0.7714285714285715,0.8857142857142857,0.9142857142857143,0.9714285714285714,0.9428571428571428,0.9714285714285714,0.9411764705882353,0.1022651195526123,0.1027073860168457,0.10132479667663574,0.10160446166992188,0.10138416290283203,0.10189986228942871,0.10150694847106934,0.10184431076049805,0.1030113697052002,0.10151410102844238
46,219,bagrbf,0.9954337899543378,0.9771689497716894,0.9680365296803652,0.9680365296803652,0.9954337899543378,1.0,0.9726027397260274,0.9771689497716894,0.9771689497716894,0.9771689497716894,0.9142857142857143,0.8857142857142857,0.9142857142857143,0.8,0.8857142857142857,0.9428571428571428,0.9428571428571428,0.9428571428571428,0.9428571428571428,0.9117647058823529,0.12117838859558105,0.12093663215637207,0.12118673324584961,0.12101387977600098,0.12043571472167969,0.12114953994750977,0.12145042419433594,0.12020254135131836,0.12044668197631836,0.11941361427307129
47,251,bagrbf,0.9920318725099602,0.9800796812749004,0.9800796812749004,0.9760956175298805,0.9960159362549801,0.9960159362549801,0.9840637450199203,0.9960159362549801,0.9800796812749004,0.9800796812749004,0.9142857142857143,0.8857142857142857,1.0,0.8,0.9142857142857143,0.9428571428571428,1.0,0.9714285714285714,0.9428571428571428,0.9411764705882353,0.14275550842285156,0.1441047191619873,0.14179325103759766,0.1420748233795166,0.14300036430358887,0.1439344882965088,0.14270496368408203,0.14163589477539062,0.14321613311767578,0.14175748825073242
48,282,bagrbf,0.9822695035460993,0.9822695035460993,0.9858156028368794,0.9787234042553191,0.9787234042553191,0.9822695035460993,0.9822695035460993,0.975177304964539,0.975177304964539,0.9716312056737588,0.8571428571428571,0.9142857142857143,1.0,0.8571428571428571,0.8857142857142857,0.9714285714285714,1.0,0.9428571428571428,0.9714285714285714,0.9705882352941176,0.16567683219909668,0.16463685035705566,0.16318130493164062,0.16358470916748047,0.16707921028137207,0.16498112678527832,0.165053129196167,0.16493487358093262,0.16517114639282227,0.16448187828063965
49,314,bagrbf,0.9777070063694268,0.9808917197452229,0.9777070063694268,0.9808917197452229,0.9777070063694268,0.9745222929936306,0.9745222929936306,0.9745222929936306,0.9713375796178344,0.9808917197452229,0.9142857142857143,0.9142857142857143,1.0,0.9142857142857143,0.8857142857142857,0.9714285714285714,1.0,0.9428571428571428,0.9428571428571428,0.9705882352941176,0.19407033920288086,0.1938173770904541,0.19007372856140137,0.19145870208740234,0.1908409595489502,0.19221901893615723,0.19163203239440918,0.19205594062805176,0.19082307815551758,0.19244050979614258
50,31,baglr,0.967741935483871,1.0,1.0,1.0,1.0,1.0,1.0,1.0,1.0,1.0,0.6857142857142857,0.8571428571428571,0.9142857142857143,0.8857142857142857,0.8,0.8857142857142857,0.8285714285714286,0.8285714285714286,0.9142857142857143,0.9117647058823529,0.1999530792236328,0.207017183303833,0.20748043060302734,0.2125716209411621,0.21205925941467285,0.2079932689666748,0.20800137519836426,0.2658381462097168,0.20787739753723145,0.2076113224029541
51,62,baglr,0.9838709677419355,0.9838709677419355,0.9838709677419355,0.9838709677419355,0.9838709677419355,0.9838709677419355,0.9838709677419355,0.9838709677419355,0.9838709677419355,0.9838709677419355,0.8857142857142857,0.8285714285714286,0.8857142857142857,0.8285714285714286,0.8285714285714286,0.7428571428571429,0.8,0.8857142857142857,0.8571428571428571,0.7941176470588235,0.22379708290100098,0.21904492378234863,0.2238626480102539,0.2237403392791748,0.22474431991577148,0.2279987335205078,0.22829866409301758,0.22373294830322266,0.2248833179473877,0.22510480880737305
52,94,baglr,0.9787234042553191,0.9893617021276596,0.9893617021276596,0.9893617021276596,0.9893617021276596,0.9893617021276596,0.9893617021276596,0.9893617021276596,0.9893617021276596,0.9893617021276596,0.8857142857142857,0.9142857142857143,0.8857142857142857,0.9428571428571428,0.9142857142857143,0.9142857142857143,0.9142857142857143,0.9142857142857143,0.8285714285714286,0.8823529411764706,0.23718547821044922,0.24653911590576172,0.24558067321777344,0.24421048164367676,0.24206185340881348,0.24033474922180176,0.5104742050170898,0.2418515682220459,0.24199962615966797,0.24261045455932617
53,125,baglr,0.992,0.992,1.0,0.992,0.984,0.984,0.984,0.984,0.984,0.984,0.8857142857142857,0.8,0.8,0.8857142857142857,0.8857142857142857,0.8571428571428571,0.9142857142857143,0.8857142857142857,0.9428571428571428,0.9117647058823529,0.264082670211792,0.25534534454345703,0.27132272720336914,0.2619028091430664,0.2735891342163086,0.2734498977661133,0.5043160915374756,0.2690725326538086,0.2679615020751953,0.2700331211090088
54,157,baglr,0.9936305732484076,0.9936305732484076,1.0,0.9936305732484076,0.9872611464968153,0.9872611464968153,0.9872611464968153,0.9872611464968153,0.9872611464968153,0.9872611464968153,0.9428571428571428,0.9428571428571428,0.8857142857142857,0.8857142857142857,0.8857142857142857,0.8857142857142857,0.9714285714285714,0.8857142857142857,0.8857142857142857,0.9117647058823529,0.28586530685424805,0.31000518798828125,0.2882235050201416,0.29247117042541504,0.28299951553344727,0.29358577728271484,0.46404480934143066,0.2943856716156006,0.2979133129119873,0.29662203788757324
55,188,baglr,0.9946808510638298,0.9946808510638298,1.0,0.9946808510638298,0.9946808510638298,0.9946808510638298,0.9946808510638298,0.9946808510638298,0.9946808510638298,0.9946808510638298,0.8857142857142857,0.8857142857142857,0.8857142857142857,0.8857142857142857,0.8857142857142857,0.8571428571428571,0.9428571428571428,0.9142857142857143,0.8857142857142857,0.9411764705882353,0.298961877822876,0.3125772476196289,0.30422210693359375,0.3015110492706299,0.30940866470336914,0.3176994323730469,0.32106661796569824,0.3189210891723633,0.3213174343109131,0.3223683834075928
56,219,baglr,0.9954337899543378,0.9954337899543378,1.0,0.9954337899543378,0.9954337899543378,0.9954337899543378,0.9954337899543378,0.9954337899543378,0.9954337899543378,0.9954337899543378,0.9142857142857143,0.9142857142857143,0.9142857142857143,0.9142857142857143,0.8857142857142857,0.9428571428571428,0.9714285714285714,0.9142857142857143,0.9142857142857143,0.9117647058823529,0.3349039554595947,0.3295910358428955,0.3441300392150879,0.3319261074066162,0.3365311622619629,0.3385927677154541,0.34276461601257324,0.33504271507263184,0.34078025817871094,0.3406403064727783
57,251,baglr,0.9960159362549801,0.9960159362549801,1.0,0.9960159362549801,0.9960159362549801,0.9960159362549801,0.9960159362549801,0.9960159362549801,0.9960159362549801,0.9960159362549801,0.9142857142857143,0.8857142857142857,0.9142857142857143,0.8857142857142857,0.9142857142857143,0.9428571428571428,0.9714285714285714,0.9142857142857143,0.9142857142857143,0.9117647058823529,0.3772397041320801,0.3813920021057129,0.37340450286865234,0.37045931816101074,0.35974669456481934,0.3717174530029297,0.38350796699523926,0.36556148529052734,0.37536001205444336,0.37465381622314453
58,282,baglr,0.9964539007092199,0.9964539007092199,1.0,0.9964539007092199,0.9964539007092199,0.9964539007092199,0.9964539007092199,0.9964539007092199,0.9929078014184397,0.9964539007092199,0.9142857142857143,0.9142857142857143,0.9428571428571428,0.8857142857142857,0.9428571428571428,0.9714285714285714,0.9714285714285714,0.9142857142857143,0.9428571428571428,0.9117647058823529,0.4407951831817627,0.44065380096435547,0.43477892875671387,0.43199801445007324,0.4702322483062744,0.4339885711669922,0.5716094970703125,0.4352231025695801,0.44614124298095703,0.44277334213256836
59,314,baglr,0.9968152866242038,0.9936305732484076,0.9968152866242038,0.9936305732484076,0.9968152866242038,0.9968152866242038,0.9904458598726115,0.9936305732484076,0.9936305732484076,0.9936305732484076,0.9714285714285714,0.9428571428571428,0.9714285714285714,0.9428571428571428,0.9428571428571428,0.9714285714285714,1.0,0.9428571428571428,0.9428571428571428,0.9117647058823529,0.6396772861480713,0.47873353958129883,0.47525668144226074,0.474534273147583,0.5017733573913574,0.472423791885376,0.8977932929992676,0.48456645011901855,0.49878716468811035,0.48114728927612305
60,31,bagmlp,0.967741935483871,0.967741935483871,0.967741935483871,0.967741935483871,0.967741935483871,0.967741935483871,0.967741935483871,0.967741935483871,0.967741935483871,0.967741935483871,0.8285714285714286,0.7714285714285715,0.8857142857142857,0.8571428571428571,0.7428571428571429,0.7428571428571429,0.8,0.8285714285714286,0.8285714285714286,0.7941176470588235,4.566423416137695,4.070236682891846,4.078533411026001,4.088560342788696,4.0661537647247314,4.062376976013184,4.065727949142456,4.061257600784302,4.114597797393799,4.0508341789245605
61,62,bagmlp,0.9838709677419355,0.9838709677419355,0.9838709677419355,0.9838709677419355,0.9838709677419355,0.9838709677419355,0.9838709677419355,0.9838709677419355,0.9838709677419355,0.9838709677419355,0.8857142857142857,0.8857142857142857,0.9142857142857143,0.9428571428571428,0.7714285714285715,0.8285714285714286,0.9428571428571428,0.9142857142857143,0.8571428571428571,0.8529411764705882,5.348754167556763,4.468371152877808,7.0625903606414795,5.186079263687134,5.1935107707977295,5.181975603103638,5.183279752731323,5.201126337051392,5.230442762374878,5.225813388824463
62,94,bagmlp,0.9893617021276596,0.9893617021276596,1.0,0.9893617021276596,0.9893617021276596,0.9893617021276596,0.9893617021276596,0.9893617021276596,0.9893617021276596,0.9893617021276596,0.9428571428571428,0.8571428571428571,0.9142857142857143,0.9714285714285714,0.8857142857142857,0.9428571428571428,0.9428571428571428,0.8857142857142857,0.8857142857142857,0.8823529411764706,5.30206298828125,5.055490493774414,6.633535385131836,5.42816162109375,5.3903489112854,5.426167726516724,5.4031898975372314,5.402343034744263,5.431245565414429,5.402714490890503
63,125,bagmlp,0.992,0.992,1.0,0.992,0.984,0.984,0.984,0.984,0.984,0.984,0.9142857142857143,0.8285714285714286,0.8857142857142857,0.9142857142857143,0.9142857142857143,0.9142857142857143,0.9714285714285714,0.8857142857142857,0.9428571428571428,0.8823529411764706,5.7927186489105225,6.0011560916900635,6.637288808822632,5.876492977142334,6.028782844543457,6.025332450866699,6.050459146499634,6.0584118366241455,6.030962228775024,6.05519962310791
64,157,bagmlp,0.9936305732484076,0.9936305732484076,1.0,0.9936305732484076,0.9872611464968153,0.9936305732484076,0.9936305732484076,0.9936305732484076,0.9936305732484076,0.9936305732484076,0.9142857142857143,0.9428571428571428,0.9428571428571428,0.9142857142857143,0.8857142857142857,0.9714285714285714,1.0,0.8857142857142857,0.9428571428571428,0.8823529411764706,6.712105989456177,6.327993154525757,7.160847902297974,6.423147678375244,6.785207271575928,6.818395614624023,6.807440996170044,6.819375991821289,6.848781108856201,6.81415319442749
65,188,bagmlp,0.9946808510638298,0.9946808510638298,1.0,0.9946808510638298,0.9946808510638298,0.9946808510638298,0.9946808510638298,0.9946808510638298,0.9946808510638298,0.9946808510638298,0.9142857142857143,0.9142857142857143,0.9428571428571428,0.9142857142857143,0.9142857142857143,0.9142857142857143,1.0,0.8857142857142857,0.8857142857142857,0.9117647058823529,7.281604051589966,6.939646244049072,7.8045525550842285,7.00386118888855,7.312899589538574,7.586852073669434,7.4679930210113525,7.444582939147949,7.420680284500122,7.419292688369751
66,219,bagmlp,0.9954337899543378,0.9954337899543378,1.0,0.9954337899543378,0.9954337899543378,0.9954337899543378,0.9954337899543378,0.9954337899543378,0.9954337899543378,0.9954337899543378,0.9142857142857143,0.9142857142857143,0.9428571428571428,0.9142857142857143,0.9428571428571428,0.9714285714285714,1.0,0.9714285714285714,0.9142857142857143,0.9117647058823529,9.30910611152649,8.608312368392944,9.997788667678833,8.62518310546875,9.037368535995483,8.879379034042358,9.04574179649353,8.920151948928833,8.965383768081665,8.922528743743896
67,251,bagmlp,0.9960159362549801,0.9960159362549801,1.0,0.9960159362549801,0.9960159362549801,0.9960159362549801,0.9960159362549801,0.9960159362549801,0.9960159362549801,0.9960159362549801,0.9142857142857143,0.9428571428571428,0.9428571428571428,0.9714285714285714,0.9428571428571428,1.0,1.0,0.9714285714285714,0.9142857142857143,0.9117647058823529,9.200709581375122,8.897106170654297,9.893060445785522,8.753169059753418,9.03919792175293,8.76265573501587,8.986173152923584,8.676575660705566,8.72593879699707,9.03656554222107
68,282,bagmlp,0.9964539007092199,0.9964539007092199,1.0,0.9964539007092199,0.9964539007092199,0.9964539007092199,0.9964539007092199,0.9964539007092199,0.9964539007092199,0.9964539007092199,0.9142857142857143,0.8857142857142857,0.9428571428571428,0.9714285714285714,0.9428571428571428,1.0,0.9714285714285714,0.9142857142857143,0.9142857142857143,0.9117647058823529,8.687427997589111,8.409124851226807,9.476390838623047,8.494775772094727,8.855861902236938,8.674849033355713,8.979424238204956,8.62144136428833,8.68956708908081,8.832731485366821
69,314,bagmlp,0.9936305732484076,0.9936305732484076,0.9968152866242038,0.9936305732484076,0.9936305732484076,0.9936305732484076,0.9936305732484076,0.9936305732484076,0.9936305732484076,0.9968152866242038,0.9714285714285714,0.9428571428571428,0.9714285714285714,0.9714285714285714,0.9428571428571428,0.9714285714285714,1.0,0.9428571428571428,0.9714285714285714,0.9117647058823529,9.01461410522461,8.710690975189209,9.718747854232788,8.84934949874878,9.10649037361145,8.973243713378906,9.245667457580566,9.125109910964966,9.160484075546265,8.996987104415894
70,31,adarbf,1.0,0.967741935483871,0.967741935483871,0.967741935483871,0.967741935483871,0.967741935483871,0.967741935483871,0.967741935483871,0.967741935483871,0.967741935483871,0.7142857142857143,0.8285714285714286,0.8857142857142857,0.7428571428571429,0.8857142857142857,0.9142857142857143,0.8285714285714286,0.7714285714285715,0.8285714285714286,0.8529411764705882,0.04380989074707031,0.035214900970458984,0.03455209732055664,0.03422904014587402,0.03500199317932129,0.03441572189331055,0.03458070755004883,0.034180641174316406,0.03412604331970215,0.034467458724975586
71,62,adarbf,0.967741935483871,0.9838709677419355,1.0,1.0,1.0,1.0,1.0,1.0,1.0,1.0,0.8285714285714286,0.7714285714285715,0.7428571428571429,0.7142857142857143,0.6571428571428571,0.8285714285714286,0.6571428571428571,0.6857142857142857,0.7428571428571429,0.7647058823529411,0.07753658294677734,0.07292461395263672,0.06707763671875,0.06704211235046387,0.06650376319885254,0.06678318977355957,0.06586694717407227,0.06609916687011719,0.06585431098937988,0.0668172836303711
72,94,adarbf,0.9574468085106383,0.9680851063829787,0.9361702127659575,0.9680851063829787,0.9680851063829787,0.9680851063829787,0.9680851063829787,0.9680851063829787,0.9680851063829787,0.9680851063829787,0.8857142857142857,0.8571428571428571,0.8857142857142857,0.6571428571428571,0.7714285714285715,0.8571428571428571,0.7428571428571429,0.8857142857142857,0.8571428571428571,0.8235294117647058,0.11873722076416016,0.11802482604980469,0.11979842185974121,0.11834502220153809,0.11829113960266113,0.11893033981323242,0.11866116523742676,0.11707735061645508,0.11692953109741211,0.11831855773925781
73,125,adarbf,0.952,0.944,0.928,0.96,0.96,0.96,0.96,0.96,0.96,0.96,0.8571428571428571,0.7428571428571429,0.8571428571428571,0.6857142857142857,0.7142857142857143,0.8285714285714286,0.6,0.8,0.8,0.8235294117647058,0.17952942848205566,0.1796245574951172,0.18025708198547363,0.17769694328308105,0.17858481407165527,0.17905712127685547,0.17844510078430176,0.17911052703857422,0.17856454849243164,0.1786820888519287
74,157,adarbf,0.89171974522293,0.9235668789808917,0.9171974522292994,0.9235668789808917,0.9426751592356688,0.9426751592356688,0.9426751592356688,0.9426751592356688,0.9426751592356688,0.9426751592356688,0.9142857142857143,0.8285714285714286,0.8571428571428571,0.6857142857142857,0.7428571428571429,0.8571428571428571,0.6285714285714286,0.7142857142857143,0.7714285714285715,0.7058823529411765,0.2645442485809326,0.26366424560546875,0.264634370803833,0.258899450302124,0.26345324516296387,0.2639045715332031,0.2628183364868164,0.26290011405944824,0.2634544372558594,0.26204776763916016
75,188,adarbf,0.8936170212765957,0.9202127659574468,0.9148936170212766,0.9042553191489362,0.9042553191489362,0.898936170212766,0.898936170212766,0.898936170212766,0.898936170212766,0.898936170212766,0.9428571428571428,0.8285714285714286,0.8285714285714286,0.7142857142857143,0.8571428571428571,0.9142857142857143,0.8571428571428571,0.8285714285714286,0.8857142857142857,0.8529411764705882,0.3627912998199463,0.3634307384490967,0.36235570907592773,0.3566131591796875,0.3614039421081543,0.36351895332336426,0.36061906814575195,0.36141109466552734,0.3601663112640381,0.3593006134033203
76,219,adarbf,0.8812785388127854,0.908675799086758,0.91324200913242,0.91324200913242,0.9452054794520548,0.8767123287671232,0.867579908675799,0.8995433789954338,0.8995433789954338,0.8995433789954338,0.8571428571428571,0.7714285714285715,0.8,0.6,0.7428571428571429,0.8285714285714286,0.7142857142857143,0.8,0.8571428571428571,0.8235294117647058,0.4833710193634033,0.4832921028137207,0.49016475677490234,0.47472524642944336,0.4825122356414795,0.48263049125671387,0.4812302589416504,0.48240232467651367,0.4811258316040039,0.4865758419036865
77,251,adarbf,0.8844621513944223,0.8605577689243028,0.8844621513944223,0.9243027888446215,0.8844621513944223,0.900398406374502,0.9123505976095617,0.9043824701195219,0.896414342629482,0.896414342629482,0.8571428571428571,0.7714285714285715,0.8,0.7142857142857143,0.7142857142857143,0.8571428571428571,0.7714285714285715,0.8285714285714286,0.8857142857142857,0.8529411764705882,0.6251132488250732,0.6212747097015381,0.6231062412261963,0.6173362731933594,0.6262948513031006,0.6260380744934082,0.6236608028411865,0.6234359741210938,0.6235179901123047,0.6224045753479004
78,282,adarbf,0.8546099290780141,0.8652482269503546,0.8617021276595744,0.8794326241134752,0.8581560283687943,0.8581560283687943,0.8723404255319149,0.851063829787234,0.8971631205673759,0.8936170212765957,0.8285714285714286,0.7428571428571429,0.8,0.5428571428571428,0.7428571428571429,0.8571428571428571,0.8,0.8285714285714286,0.8571428571428571,0.8235294117647058,0.7707195281982422,0.7649743556976318,0.768395185470581,0.7590065002441406,0.7723898887634277,0.7727165222167969,0.768627405166626,0.7662317752838135,0.7684218883514404,0.7721965312957764
79,314,adarbf,0.8694267515923567,0.8885350318471338,0.8439490445859873,0.89171974522293,0.8821656050955414,0.89171974522293,0.8535031847133758,0.9012738853503185,0.856687898089172,0.8598726114649682,0.8285714285714286,0.7428571428571429,0.8,0.6,0.7428571428571429,0.8571428571428571,0.7714285714285715,0.8285714285714286,0.8285714285714286,0.8235294117647058,0.9034068584442139,0.9037978649139404,0.9010524749755859,0.89263916015625,0.9033803939819336,0.9053473472595215,0.8950862884521484,0.9029810428619385,0.898848295211792,0.8978304862976074
80,31,adalr,1.0,0.967741935483871,0.967741935483871,0.967741935483871,0.967741935483871,0.967741935483871,0.967741935483871,0.967741935483871,0.967741935483871,0.967741935483871,0.7714285714285715,0.7428571428571429,0.9428571428571428,0.8571428571428571,0.8571428571428571,0.8571428571428571,0.8571428571428571,0.8571428571428571,0.8857142857142857,0.8823529411764706,0.17505645751953125,0.14229321479797363,0.13916850090026855,0.13901305198669434,0.1387486457824707,0.13856124877929688,0.14315080642700195,0.13848567008972168,0.13969659805297852,0.13838553428649902
81,62,adalr,0.9838709677419355,1.0,1.0,1.0,1.0,1.0,1.0,1.0,1.0,1.0,0.8571428571428571,0.8,0.9142857142857143,0.8857142857142857,0.8857142857142857,0.8571428571428571,0.8285714285714286,0.8571428571428571,0.8571428571428571,0.8823529411764706,0.8813021183013916,0.8656339645385742,0.19524002075195312,0.19648170471191406,0.1941988468170166,0.20183539390563965,0.1966545581817627,0.19528961181640625,0.1964588165283203,0.19533467292785645
82,94,adalr,1.0,0.9893617021276596,1.0,1.0,1.0,1.0,1.0,1.0,1.0,1.0,0.8571428571428571,0.9142857142857143,0.8857142857142857,0.9714285714285714,0.9714285714285714,0.9428571428571428,0.8857142857142857,0.9428571428571428,0.9142857142857143,0.8823529411764706,0.6454932689666748,0.9351968765258789,0.2706446647644043,0.7258660793304443,0.7242670059204102,0.7269902229309082,0.7299532890319824,0.7236659526824951,0.7243478298187256,0.7271180152893066
83,125,adalr,1.0,1.0,1.0,0.992,0.992,0.992,0.992,0.992,0.992,0.992,0.8857142857142857,0.9142857142857143,0.9428571428571428,0.9142857142857143,0.8571428571428571,0.9142857142857143,0.9428571428571428,0.9428571428571428,0.8571428571428571,0.8529411764705882,0.4197731018066406,0.5989859104156494,0.2610452175140381,0.9910271167755127,0.9777085781097412,0.9780051708221436,0.9738879203796387,0.9739124774932861,0.9749691486358643,0.9695835113525391
84,157,adalr,1.0,1.0,1.0,1.0,1.0,0.9936305732484076,0.9936305732484076,0.9936305732484076,0.9936305732484076,0.9936305732484076,0.9142857142857143,0.9142857142857143,0.9142857142857143,0.8857142857142857,0.8857142857142857,0.9428571428571428,0.9714285714285714,0.9428571428571428,0.9142857142857143,0.8823529411764706,0.5850830078125,0.8501772880554199,0.39412355422973633,0.811690092086792,0.7203490734100342,1.0400009155273438,1.0543384552001953,1.0373609066009521,1.0367255210876465,1.0353741645812988
85,188,adalr,0.9946808510638298,1.0,1.0,0.9946808510638298,1.0,0.9946808510638298,0.9946808510638298,0.9946808510638298,0.9946808510638298,0.9946808510638298,0.9428571428571428,0.9142857142857143,0.9714285714285714,0.8857142857142857,0.9428571428571428,0.9428571428571428,0.9714285714285714,0.9428571428571428,0.9142857142857143,0.9411764705882353,1.0896079540252686,0.9023804664611816,0.35204195976257324,1.1168999671936035,0.5757615566253662,1.0812995433807373,0.9487254619598389,0.9515726566314697,0.9523122310638428,0.9502851963043213
86,219,adalr,1.0,0.9954337899543378,1.0,1.0,0.9954337899543378,0.9954337899543378,0.9954337899543378,0.9954337899543378,0.9954337899543378,0.9954337899543378,0.9142857142857143,0.9142857142857143,0.9428571428571428,0.9142857142857143,0.9428571428571428,0.9714285714285714,0.9714285714285714,0.9142857142857143,0.9428571428571428,0.9117647058823529,1.0728654861450195,1.1976094245910645,0.33582425117492676,1.1112349033355713,1.1627607345581055,1.1721749305725098,0.9328620433807373,1.1633317470550537,1.1929349899291992,1.1616885662078857
87,251,adalr,0.9960159362549801,0.9960159362549801,1.0,0.9960159362549801,1.0,0.9960159362549801,1.0,0.9960159362549801,1.0,1.0,0.9428571428571428,0.9142857142857143,0.9428571428571428,0.8857142857142857,0.9428571428571428,0.9428571428571428,1.0,0.9142857142857143,0.9142857142857143,0.9411764705882353,1.253859519958496,1.2675361633300781,0.3598477840423584,1.2611424922943115,0.6242454051971436,1.1061804294586182,0.6905078887939453,1.268151044845581,0.7153263092041016,0.7150063514709473
88,282,adalr,1.0,0.9964539007092199,1.0,1.0,1.0,0.9964539007092199,1.0,0.9964539007092199,0.9964539007092199,0.9964539007092199,0.9428571428571428,0.9142857142857143,0.9714285714285714,0.9142857142857143,0.9428571428571428,0.9714285714285714,1.0,0.9142857142857143,0.9428571428571428,0.8529411764705882,0.8454093933105469,1.3495872020721436,0.42763853073120117,0.7281925678253174,1.1901798248291016,1.3327486515045166,0.6070013046264648,1.3331339359283447,1.3384873867034912,1.326183557510376
89,314,adalr,0.9968152866242038,1.0,1.0,1.0,0.9968152866242038,0.9968152866242038,0.9968152866242038,0.9968152866242038,0.9968152866242038,1.0,0.9714285714285714,0.9142857142857143,0.9714285714285714,0.9714285714285714,0.9714285714285714,0.9714285714285714,0.9714285714285714,0.9714285714285714,0.9428571428571428,0.8529411764705882,1.4026212692260742,0.973712682723999,0.5991530418395996,0.9207873344421387,1.3946642875671387,1.3926475048065186,1.4076695442199707,1.423901081085205,1.4381301403045654,0.7006664276123047
90,31,adadtc,0.5806451612903226,0.5161290322580645,0.5161290322580645,0.5161290322580645,0.5161290322580645,0.5161290322580645,0.5161290322580645,0.5161290322580645,0.5161290322580645,0.5161290322580645,0.45714285714285713,0.4857142857142857,0.4857142857142857,0.4857142857142857,0.4857142857142857,0.4857142857142857,0.4857142857142857,0.4857142857142857,0.4857142857142857,0.47058823529411764,0.29920220375061035,0.27362751960754395,0.2752711772918701,0.2815217971801758,0.2726016044616699,0.272383451461792,0.27177953720092773,0.27394795417785645,0.27225279808044434,0.27570128440856934
91,62,adadtc,0.9838709677419355,0.9838709677419355,1.0,0.9838709677419355,1.0,1.0,1.0,1.0,1.0,1.0,0.7142857142857143,0.7142857142857143,0.7142857142857143,0.8285714285714286,0.7142857142857143,0.6857142857142857,0.6857142857142857,0.7714285714285715,0.6857142857142857,0.6764705882352942,0.2892143726348877,0.2865772247314453,0.2871856689453125,0.2868685722351074,0.28942298889160156,0.28838658332824707,0.2888164520263672,0.2897827625274658,0.2914698123931885,0.2881040573120117
92,94,adadtc,0.9893617021276596,1.0,1.0,0.9893617021276596,1.0,0.9893617021276596,0.9893617021276596,0.9893617021276596,1.0,0.9893617021276596,0.7428571428571429,0.7714285714285715,0.8285714285714286,0.8857142857142857,0.8571428571428571,0.8857142857142857,0.8857142857142857,0.8857142857142857,0.8,0.8235294117647058,0.305133581161499,0.30617713928222656,0.3086526393890381,0.30913639068603516,0.3088216781616211,0.306898832321167,0.3084535598754883,0.3083486557006836,0.30711889266967773,0.30707240104675293
93,125,adadtc,1.0,1.0,1.0,1.0,1.0,1.0,1.0,1.0,1.0,1.0,0.8285714285714286,0.6857142857142857,0.8,0.8857142857142857,0.8571428571428571,0.8,0.9428571428571428,0.8857142857142857,0.8285714285714286,0.7352941176470589,0.32802581787109375,0.33003878593444824,0.32654905319213867,0.3282642364501953,0.32759785652160645,0.3259127140045166,0.3267800807952881,0.3271019458770752,0.3289835453033447,0.32847046852111816
94,157,adadtc,1.0,1.0,1.0,1.0,1.0,1.0,1.0,1.0,1.0,1.0,0.9142857142857143,0.8,0.8285714285714286,0.9142857142857143,0.9142857142857143,0.8571428571428571,0.9142857142857143,0.8857142857142857,0.8857142857142857,0.7647058823529411,0.3513062000274658,0.35160112380981445,0.34442591667175293,0.35060644149780273,0.35211992263793945,0.3511226177215576,0.348705530166626,0.3513491153717041,0.35060834884643555,0.3512554168701172
95,188,adadtc,1.0,1.0,1.0,1.0,1.0,1.0,1.0,1.0,1.0,1.0,0.8857142857142857,0.7428571428571429,0.8285714285714286,0.9428571428571428,0.9428571428571428,0.8857142857142857,0.9428571428571428,0.8571428571428571,0.7714285714285715,0.9117647058823529,0.3755159378051758,0.3685629367828369,0.36456894874572754,0.3737773895263672,0.369905948638916,0.36920905113220215,0.3722496032714844,0.37176513671875,0.370516300201416,0.3688833713531494
96,219,adadtc,1.0,1.0,1.0,1.0,1.0,1.0,1.0,1.0,1.0,1.0,0.8857142857142857,0.8,0.8285714285714286,0.9142857142857143,0.9428571428571428,0.9428571428571428,0.8857142857142857,0.9428571428571428,0.9428571428571428,0.8235294117647058,0.3902761936187744,0.3915567398071289,0.38588500022888184,0.39335131645202637,0.3948490619659424,0.4075124263763428,0.3928101062774658,0.3895885944366455,0.389589786529541,0.38988327980041504
97,251,adadtc,1.0,1.0,1.0,1.0,1.0,1.0,1.0,1.0,1.0,1.0,0.8857142857142857,0.8857142857142857,0.8857142857142857,0.9428571428571428,0.9714285714285714,0.9142857142857143,0.9714285714285714,0.9142857142857143,0.8857142857142857,0.8235294117647058,0.41247034072875977,0.416766881942749,0.4065675735473633,0.416064977645874,0.41258668899536133,0.43633508682250977,0.4115586280822754,0.4138448238372803,0.41214513778686523,0.41278791427612305
98,282,adadtc,1.0,1.0,1.0,1.0,1.0,1.0,1.0,1.0,1.0,1.0,0.9142857142857143,0.9714285714285714,0.9142857142857143,0.9714285714285714,0.9142857142857143,0.9428571428571428,0.9714285714285714,0.9428571428571428,0.8857142857142857,0.9117647058823529,0.4356348514556885,0.43457961082458496,0.422884464263916,0.4353342056274414,0.43412256240844727,0.4719657897949219,0.4357624053955078,0.43464231491088867,0.4317646026611328,0.43135666847229004
99,314,adadtc,1.0,1.0,1.0,1.0,1.0,1.0,1.0,1.0,1.0,1.0,0.8857142857142857,0.9428571428571428,0.9428571428571428,0.9428571428571428,0.9428571428571428,0.9428571428571428,0.9714285714285714,0.9142857142857143,0.8857142857142857,0.8529411764705882,0.4549260139465332,0.45644426345825195,0.44432735443115234,0.4568934440612793,0.4511094093322754,0.4523046016693115,0.455643892288208,0.44918227195739746,0.4537789821624756,0.4542348384857178
100,31,hard_ensemble,0.9032258064516129,0.967741935483871,0.967741935483871,0.967741935483871,0.967741935483871,0.967741935483871,0.967741935483871,0.967741935483871,0.967741935483871,0.967741935483871,0.6,0.7142857142857143,0.7428571428571429,0.6285714285714286,0.8,0.7428571428571429,0.8,0.7142857142857143,0.8285714285714286,0.7647058823529411,0.018534183502197266,0.021791458129882812,0.019533634185791016,0.019531726837158203,0.02149820327758789,0.019701004028320312,0.01979994773864746,0.02146601676940918,0.01962876319885254,0.019826650619506836
101,62,hard_ensemble,0.967741935483871,0.967741935483871,0.9516129032258065,0.9516129032258065,0.9516129032258065,0.9516129032258065,0.9516129032258065,0.9516129032258065,0.9516129032258065,0.9516129032258065,0.9142857142857143,0.8285714285714286,0.9142857142857143,0.7142857142857143,0.8857142857142857,0.7714285714285715,0.9142857142857143,0.8857142857142857,0.9142857142857143,0.8823529411764706,0.020749330520629883,0.020411968231201172,0.02299332618713379,0.02287745475769043,0.022899627685546875,0.02316904067993164,0.022830486297607422,0.022921085357666016,0.022800922393798828,0.023047685623168945
102,94,hard_ensemble,0.9680851063829787,0.9787234042553191,0.9574468085106383,0.9680851063829787,0.9680851063829787,0.9680851063829787,0.9680851063829787,0.9680851063829787,0.9680851063829787,0.9680851063829787,0.9142857142857143,0.9428571428571428,0.9714285714285714,0.8285714285714286,0.9142857142857143,0.8857142857142857,0.8857142857142857,0.8857142857142857,0.8857142857142857,0.9117647058823529,0.021370649337768555,0.021260499954223633,0.021958112716674805,0.020873546600341797,0.021202802658081055,0.02116703987121582,0.020994186401367188,0.020589113235473633,0.02113819122314453,0.02071523666381836
103,125,hard_ensemble,0.968,0.976,0.96,0.976,0.968,0.968,0.968,0.968,0.968,0.968,0.9142857142857143,0.9142857142857143,1.0,0.8,0.8571428571428571,0.8857142857142857,0.9142857142857143,0.8857142857142857,0.9142857142857143,0.9705882352941176,0.02255868911743164,0.023183107376098633,0.024224281311035156,0.025097370147705078,0.025290966033935547,0.024927139282226562,0.02490067481994629,0.025009870529174805,0.024938106536865234,0.024951457977294922
104,157,hard_ensemble,0.9681528662420382,0.9681528662420382,0.9617834394904459,0.9745222929936306,0.9681528662420382,0.9681528662420382,0.9681528662420382,0.9681528662420382,0.9681528662420382,0.9681528662420382,0.9142857142857143,0.8571428571428571,0.9428571428571428,0.8285714285714286,0.8,0.8857142857142857,0.9714285714285714,0.8857142857142857,0.9142857142857143,0.8823529411764706,0.024337053298950195,0.028009891510009766,0.027480125427246094,0.02886223793029785,0.026596546173095703,0.027499914169311523,0.026675939559936523,0.02718830108642578,0.02659916877746582,0.026955842971801758
105,188,hard_ensemble,0.9680851063829787,0.973404255319149,0.9627659574468085,0.973404255319149,0.9680851063829787,0.9680851063829787,0.9680851063829787,0.9680851063829787,0.9680851063829787,0.9680851063829787,0.9428571428571428,0.8285714285714286,0.9428571428571428,0.8571428571428571,0.8857142857142857,0.8571428571428571,0.9428571428571428,0.9428571428571428,0.8857142857142857,0.9411764705882353,0.023991107940673828,0.029206514358520508,0.027815818786621094,0.030606508255004883,0.030740976333618164,0.028455257415771484,0.03014397621154785,0.03200984001159668,0.030193805694580078,0.03000330924987793
106,219,hard_ensemble,0.9726027397260274,0.9771689497716894,0.9680365296803652,0.9726027397260274,0.9726027397260274,0.9726027397260274,0.9680365296803652,0.9680365296803652,0.9680365296803652,0.9680365296803652,0.9142857142857143,0.8285714285714286,0.9142857142857143,0.8571428571428571,0.8857142857142857,0.9714285714285714,0.9714285714285714,0.9428571428571428,0.8857142857142857,0.9705882352941176,0.029697656631469727,0.03057241439819336,0.02926468849182129,0.028382062911987305,0.0330960750579834,0.03132319450378418,0.03097081184387207,0.02647852897644043,0.024892091751098633,0.024745464324951172
107,251,hard_ensemble,0.9721115537848606,0.9760956175298805,0.9681274900398407,0.9760956175298805,0.9721115537848606,0.9721115537848606,0.9681274900398407,0.9721115537848606,0.9721115537848606,0.9721115537848606,0.9428571428571428,0.8857142857142857,1.0,0.8857142857142857,0.8857142857142857,0.9428571428571428,1.0,0.9428571428571428,0.9142857142857143,0.9411764705882353,0.03212475776672363,0.026752948760986328,0.0256345272064209,0.02557206153869629,0.026491403579711914,0.024155855178833008,0.027955293655395508,0.025301694869995117,0.03016042709350586,0.03071904182434082
108,282,hard_ensemble,0.975177304964539,0.9787234042553191,0.9787234042553191,0.9787234042553191,0.9787234042553191,0.975177304964539,0.975177304964539,0.9787234042553191,0.9716312056737588,0.9716312056737588,0.9428571428571428,0.8571428571428571,1.0,0.8857142857142857,0.9142857142857143,1.0,0.9714285714285714,0.9142857142857143,0.9142857142857143,0.9411764705882353,0.030094385147094727,0.030190467834472656,0.029958486557006836,0.029311418533325195,0.027626991271972656,0.029706239700317383,0.029569387435913086,0.027667999267578125,0.029155969619750977,0.02732086181640625
109,314,hard_ensemble,0.9777070063694268,0.9808917197452229,0.9745222929936306,0.9808917197452229,0.9808917197452229,0.9808917197452229,0.9745222929936306,0.9808917197452229,0.9745222929936306,0.9745222929936306,0.9428571428571428,0.8857142857142857,1.0,0.8571428571428571,0.9428571428571428,0.9714285714285714,0.9714285714285714,0.9142857142857143,0.9142857142857143,0.9411764705882353,0.03168368339538574,0.031592607498168945,0.031839609146118164,0.028937578201293945,0.031609535217285156,0.029465913772583008,0.03339886665344238,0.030225515365600586,0.030327796936035156,0.030387401580810547
110,31,soft_ensemble,1.0,1.0,1.0,1.0,1.0,1.0,1.0,1.0,1.0,1.0,0.8285714285714286,0.9428571428571428,0.9428571428571428,0.9142857142857143,0.9142857142857143,0.9428571428571428,0.8571428571428571,0.9142857142857143,0.8857142857142857,0.9117647058823529,0.6523261070251465,0.5910463333129883,0.6023290157318115,0.6200671195983887,0.595921516418457,0.5920431613922119,0.5952858924865723,0.611335277557373,0.5882055759429932,0.5875205993652344
111,62,soft_ensemble,0.9838709677419355,0.9838709677419355,1.0,1.0,1.0,1.0,1.0,1.0,1.0,1.0,0.8571428571428571,0.8571428571428571,0.8857142857142857,0.9142857142857143,0.9142857142857143,0.8285714285714286,0.9142857142857143,0.9428571428571428,0.8857142857142857,0.8235294117647058,0.6896281242370605,0.6279399394989014,0.7124972343444824,0.7180697917938232,0.713747501373291,0.7128994464874268,0.7122917175292969,0.7064263820648193,0.7119557857513428,0.7132511138916016
112,94,soft_ensemble,0.9787234042553191,0.9787234042553191,1.0,0.9787234042553191,0.9787234042553191,0.9787234042553191,0.9787234042553191,0.9787234042553191,0.9787234042553191,0.9787234042553191,0.8571428571428571,0.8571428571428571,0.9142857142857143,0.8571428571428571,0.9142857142857143,0.9428571428571428,0.9428571428571428,0.9428571428571428,0.9142857142857143,0.9117647058823529,0.7455463409423828,0.7132809162139893,0.8118565082550049,0.7384538650512695,0.7623841762542725,0.736743688583374,0.7366454601287842,0.7348661422729492,0.7325491905212402,0.7354075908660889
113,125,soft_ensemble,0.992,0.992,1.0,0.984,0.976,0.976,0.976,0.976,0.976,0.976,0.9142857142857143,0.8857142857142857,0.9142857142857143,0.8285714285714286,0.9142857142857143,0.9142857142857143,0.9714285714285714,0.9428571428571428,0.9428571428571428,0.9117647058823529,0.8068385124206543,0.7737033367156982,0.8851730823516846,0.7912633419036865,0.8489968776702881,0.8537685871124268,0.8534417152404785,0.8465733528137207,0.8470633029937744,0.8468763828277588
114,157,soft_ensemble,0.9936305732484076,0.9872611464968153,1.0,0.9872611464968153,0.9936305732484076,0.9936305732484076,0.9936305732484076,0.9936305732484076,0.9936305732484076,0.9936305732484076,0.8857142857142857,0.9428571428571428,0.9428571428571428,0.8285714285714286,0.8857142857142857,0.9428571428571428,1.0,0.9428571428571428,0.9142857142857143,0.9117647058823529,0.9013919830322266,0.8678381443023682,0.9733092784881592,0.8964216709136963,0.9218251705169678,0.9331154823303223,0.9613437652587891,0.9307796955108643,0.9321837425231934,0.9298937320709229
115,188,soft_ensemble,0.9946808510638298,0.9946808510638298,1.0,0.9893617021276596,0.9946808510638298,0.9946808510638298,0.9946808510638298,0.9946808510638298,0.9946808510638298,0.9946808510638298,0.8857142857142857,0.8571428571428571,0.9428571428571428,0.8285714285714286,0.9142857142857143,0.9428571428571428,0.9714285714285714,0.9428571428571428,0.8857142857142857,0.9411764705882353,0.9692413806915283,0.9462106227874756,1.0484600067138672,0.9816632270812988,0.9868805408477783,0.9889843463897705,1.0591516494750977,1.0059576034545898,1.0080640316009521,1.0058927536010742
116,219,soft_ensemble,1.0,0.9908675799086758,1.0,0.9908675799086758,0.9954337899543378,0.9954337899543378,0.9954337899543378,0.9954337899543378,0.9954337899543378,0.9954337899543378,0.9142857142857143,0.8571428571428571,0.9428571428571428,0.8571428571428571,0.9428571428571428,1.0,1.0,0.9428571428571428,0.9714285714285714,0.9117647058823529,1.3236563205718994,1.2658205032348633,1.4667904376983643,1.2751762866973877,1.3750877380371094,1.375180959701538,1.3083906173706055,1.1895322799682617,1.1894288063049316,1.1882696151733398
117,251,soft_ensemble,0.9960159362549801,1.0,1.0,0.9920318725099602,0.9960159362549801,0.9960159362549801,0.9960159362549801,0.9960159362549801,0.9960159362549801,0.9960159362549801,0.9142857142857143,0.9428571428571428,0.9428571428571428,0.8571428571428571,0.9428571428571428,1.0,1.0,0.9428571428571428,0.9714285714285714,0.9117647058823529,1.253248691558838,1.2412834167480469,1.4002182483673096,1.2407894134521484,1.2778480052947998,1.2934811115264893,1.3414251804351807,1.2106273174285889,1.1906585693359375,1.1884398460388184
118,282,soft_ensemble,1.0,1.0,1.0,0.9929078014184397,0.9964539007092199,0.9964539007092199,0.9964539007092199,0.9964539007092199,0.9964539007092199,0.9964539007092199,0.9428571428571428,0.9142857142857143,0.9428571428571428,0.8857142857142857,0.9714285714285714,1.0,1.0,0.9142857142857143,0.9714285714285714,0.9411764705882353,1.3420684337615967,1.3174769878387451,1.4153213500976562,1.2697758674621582,1.3356130123138428,1.3233366012573242,1.2983605861663818,1.2675232887268066,1.2522995471954346,1.2204482555389404
119,314,soft_ensemble,1.0,0.9936305732484076,1.0,0.9936305732484076,0.9968152866242038,0.9968152866242038,0.9968152866242038,0.9968152866242038,0.9968152866242038,0.9968152866242038,0.9428571428571428,0.9714285714285714,0.9714285714285714,0.9142857142857143,0.9714285714285714,0.9714285714285714,0.9714285714285714,0.9428571428571428,0.9428571428571428,0.9411764705882353,1.3309893608093262,1.3061583042144775,1.4272708892822266,1.3152828216552734,1.3479690551757812,1.3557264804840088,1.323906660079956,1.3042054176330566,1.3013980388641357,1.2922027111053467
120,31,weight_ensemble,1.0,1.0,1.0,1.0,1.0,1.0,1.0,1.0,1.0,1.0,0.8285714285714286,0.9428571428571428,0.9428571428571428,0.9142857142857143,0.9142857142857143,0.9428571428571428,0.8571428571428571,0.9142857142857143,0.8857142857142857,0.9117647058823529,0.6439859867095947,0.5985417366027832,0.6001923084259033,0.5942773818969727,0.5939855575561523,0.5919010639190674,0.5980820655822754,0.6068010330200195,0.5952432155609131,0.598876953125
121,62,weight_ensemble,0.9838709677419355,0.9838709677419355,1.0,1.0,1.0,1.0,1.0,1.0,1.0,1.0,0.8571428571428571,0.8571428571428571,0.8857142857142857,0.9142857142857143,0.9142857142857143,0.8285714285714286,0.9142857142857143,0.9428571428571428,0.8857142857142857,0.8235294117647058,0.7050595283508301,0.650094747543335,0.7351958751678467,0.7323713302612305,0.7323088645935059,0.7323760986328125,0.7327775955200195,0.7277684211730957,0.7306203842163086,0.7331488132476807
122,94,weight_ensemble,0.9787234042553191,0.9787234042553191,1.0,0.9787234042553191,0.9787234042553191,0.9787234042553191,0.9787234042553191,0.9787234042553191,0.9787234042553191,0.9787234042553191,0.8571428571428571,0.8571428571428571,0.9142857142857143,0.8571428571428571,0.9142857142857143,0.9428571428571428,0.9428571428571428,0.9428571428571428,0.9142857142857143,0.9117647058823529,0.797595739364624,0.7564620971679688,0.8794448375701904,0.7884302139282227,0.7832186222076416,0.7845773696899414,0.7819614410400391,0.7806928157806396,0.788182258605957,0.7839324474334717
123,125,weight_ensemble,0.992,0.992,1.0,0.984,0.976,0.976,0.976,0.976,0.976,0.976,0.9142857142857143,0.8857142857142857,0.9142857142857143,0.8285714285714286,0.9142857142857143,0.9142857142857143,0.9714285714285714,0.9428571428571428,0.9428571428571428,0.9117647058823529,0.88604736328125,0.8563928604125977,0.9686892032623291,0.8700251579284668,0.9505903720855713,0.92936110496521,0.9284553527832031,0.928511381149292,0.9283781051635742,0.9307096004486084
124,157,weight_ensemble,0.9936305732484076,0.9872611464968153,1.0,0.9872611464968153,0.9936305732484076,0.9936305732484076,0.9936305732484076,0.9936305732484076,0.9936305732484076,0.9936305732484076,0.8857142857142857,0.9428571428571428,0.9428571428571428,0.8285714285714286,0.8857142857142857,0.9428571428571428,1.0,0.9428571428571428,0.9142857142857143,0.9117647058823529,1.0180366039276123,1.0180389881134033,1.0924339294433594,1.011401653289795,1.038827657699585,1.0518794059753418,1.0535426139831543,1.0511929988861084,1.0483624935150146,1.0721943378448486
125,188,weight_ensemble,0.9946808510638298,0.9946808510638298,1.0,0.9893617021276596,0.9946808510638298,0.9946808510638298,0.9946808510638298,0.9946808510638298,0.9946808510638298,0.9946808510638298,0.8857142857142857,0.8571428571428571,0.9428571428571428,0.8285714285714286,0.9142857142857143,0.9428571428571428,0.9714285714285714,0.9428571428571428,0.9428571428571428,0.9411764705882353,1.1618320941925049,1.1229147911071777,1.218487024307251,1.1469314098358154,1.1556556224822998,1.1574945449829102,1.1787230968475342,1.1743755340576172,1.1801621913909912,1.1762962341308594
126,219,weight_ensemble,1.0,0.9908675799086758,1.0,0.9908675799086758,0.9954337899543378,0.9954337899543378,0.9954337899543378,0.9954337899543378,0.9954337899543378,0.9954337899543378,0.9142857142857143,0.8571428571428571,0.9428571428571428,0.8571428571428571,0.9428571428571428,1.0,1.0,0.9428571428571428,0.9714285714285714,0.9117647058823529,1.5463588237762451,1.494004249572754,1.6813533306121826,1.5073070526123047,1.5980675220489502,1.6030693054199219,1.4514894485473633,1.4168422222137451,1.4182074069976807,1.4140326976776123
127,251,weight_ensemble,0.9960159362549801,1.0,1.0,0.9920318725099602,0.9960159362549801,0.9960159362549801,0.9960159362549801,0.9960159362549801,0.9960159362549801,0.9960159362549801,0.9142857142857143,0.9428571428571428,0.9428571428571428,0.8571428571428571,0.9428571428571428,1.0,1.0,0.9428571428571428,0.9714285714285714,0.9117647058823529,1.5518579483032227,1.5387890338897705,1.6788806915283203,1.5358786582946777,1.5784080028533936,1.5908617973327637,1.5454630851745605,1.511420488357544,1.4840545654296875,1.479048728942871
128,282,weight_ensemble,1.0,1.0,1.0,0.9929078014184397,0.9964539007092199,0.9964539007092199,0.9964539007092199,0.9964539007092199,0.9964539007092199,0.9964539007092199,0.9428571428571428,0.9142857142857143,0.9428571428571428,0.8857142857142857,0.9714285714285714,1.0,1.0,0.9142857142857143,0.9714285714285714,0.9411764705882353,1.6822538375854492,1.6627576351165771,1.7849998474121094,1.634364128112793,1.6988906860351562,1.6875972747802734,1.6622569561004639,1.6377689838409424,1.7737836837768555,1.5954391956329346
129,314,weight_ensemble,1.0,0.9936305732484076,1.0,0.9936305732484076,0.9968152866242038,0.9968152866242038,0.9968152866242038,0.9968152866242038,0.9968152866242038,0.9968152866242038,0.9428571428571428,0.9714285714285714,0.9714285714285714,0.9142857142857143,0.9714285714285714,0.9714285714285714,0.9714285714285714,0.9428571428571428,0.9428571428571428,0.9411764705882353,1.7705910205841064,1.7525866031646729,1.883979082107544,1.745818853378296,1.7884159088134766,1.803748607635498,1.7710435390472412,1.7475755214691162,1.749263048171997,1.7480764389038086
130,31,stack_1,1.0,0.967741935483871,0.967741935483871,0.967741935483871,0.967741935483871,0.967741935483871,0.967741935483871,0.967741935483871,0.967741935483871,0.967741935483871,0.8571428571428571,0.8571428571428571,0.8857142857142857,0.8285714285714286,0.8857142857142857,0.9428571428571428,0.8571428571428571,0.9142857142857143,0.9142857142857143,0.8823529411764706,2.8865182399749756,2.553955078125,2.557753086090088,2.577162981033325,2.562887191772461,2.5436694622039795,2.556244134902954,2.5311214923858643,2.5589191913604736,2.558211088180542
131,62,stack_1,0.9838709677419355,0.9838709677419355,1.0,1.0,1.0,1.0,1.0,1.0,1.0,1.0,0.8857142857142857,0.8571428571428571,0.9142857142857143,0.9428571428571428,0.9142857142857143,0.8857142857142857,0.9142857142857143,0.9428571428571428,0.8571428571428571,0.8529411764705882,3.2274169921875,2.9297003746032715,3.2229981422424316,3.2120213508605957,3.226935625076294,3.2277750968933105,3.259167432785034,3.2167537212371826,3.221961498260498,3.217237710952759
132,94,stack_1,0.9787234042553191,0.9787234042553191,1.0,0.9787234042553191,0.9787234042553191,0.9787234042553191,0.9787234042553191,0.9787234042553191,0.9787234042553191,0.9787234042553191,0.8571428571428571,0.8857142857142857,0.9428571428571428,0.8571428571428571,0.8857142857142857,0.9428571428571428,0.9428571428571428,0.9428571428571428,0.9142857142857143,0.9117647058823529,3.4234390258789062,3.249674081802368,3.7571308612823486,3.336430072784424,3.3470382690429688,3.321657180786133,3.322747230529785,3.3337013721466064,3.351480722427368,3.3326761722564697
133,125,stack_1,0.992,0.984,1.0,0.984,0.976,0.976,0.976,0.976,0.976,0.976,0.8571428571428571,0.8857142857142857,0.9428571428571428,0.8285714285714286,0.8857142857142857,0.9428571428571428,0.9714285714285714,0.9428571428571428,0.9714285714285714,0.9411764705882353,3.7000341415405273,3.5233356952667236,4.065043210983276,3.5788064002990723,3.831766128540039,3.843818187713623,3.8396904468536377,3.859213352203369,3.8819236755371094,3.846219778060913
134,157,stack_1,0.9808917197452229,0.9936305732484076,1.0,0.9872611464968153,0.9936305732484076,0.9936305732484076,0.9936305732484076,0.9936305732484076,0.9936305732484076,0.9936305732484076,0.8571428571428571,0.9428571428571428,0.9428571428571428,0.8285714285714286,0.8857142857142857,0.9428571428571428,0.9714285714285714,1.0,0.8857142857142857,0.9117647058823529,4.124497413635254,3.9564664363861084,4.47324013710022,3.9806532859802246,4.21271276473999,4.209576845169067,4.1929707527160645,4.2115538120269775,4.2130961418151855,4.2176337242126465
135,188,stack_1,0.9840425531914894,0.9946808510638298,1.0,0.9893617021276596,0.9946808510638298,0.9946808510638298,1.0,1.0,1.0,1.0,0.8571428571428571,0.8571428571428571,0.9428571428571428,0.8285714285714286,0.8857142857142857,0.9428571428571428,0.9714285714285714,0.9428571428571428,0.9142857142857143,0.9411764705882353,4.465013265609741,4.367967367172241,4.908995151519775,4.3776209354400635,4.5375800132751465,4.51578950881958,4.6403419971466064,4.624001502990723,4.616750955581665,4.609132289886475
136,219,stack_1,0.9863013698630136,0.9954337899543378,1.0,0.9908675799086758,0.9954337899543378,0.9954337899543378,0.9954337899543378,0.9954337899543378,0.9954337899543378,0.9954337899543378,0.8857142857142857,0.8571428571428571,0.9428571428571428,0.8571428571428571,0.9428571428571428,1.0,0.9714285714285714,0.9714285714285714,0.9714285714285714,0.9117647058823529,5.151538372039795,4.973748207092285,5.874434471130371,5.037227392196655,5.272114038467407,5.246246337890625,5.108046531677246,5.05880069732666,5.080418109893799,5.042258262634277
137,251,stack_1,0.9880478087649402,0.9880478087649402,1.0,0.9880478087649402,0.9880478087649402,1.0,0.9880478087649402,0.9960159362549801,0.9960159362549801,0.9960159362549801,0.8857142857142857,0.9142857142857143,0.9428571428571428,0.8571428571428571,0.9142857142857143,1.0,1.0,0.9428571428571428,0.9714285714285714,0.9411764705882353,6.91352105140686,6.775302171707153,7.5529797077178955,6.731228590011597,7.096970081329346,7.076345443725586,7.052168130874634,6.49695348739624,6.266637325286865,6.260002136230469
138,282,stack_1,0.9858156028368794,0.9893617021276596,1.0,0.9893617021276596,0.9858156028368794,0.9929078014184397,0.9858156028368794,0.9964539007092199,1.0,0.9964539007092199,0.8857142857142857,0.9142857142857143,0.9428571428571428,0.8857142857142857,0.9428571428571428,1.0,1.0,0.9428571428571428,1.0,0.9705882352941176,7.05417537689209,6.881755352020264,7.66611385345459,6.776764392852783,7.193986177444458,7.105811595916748,7.087804079055786,6.985864877700806,7.26612114906311,6.318376302719116
139,314,stack_1,0.9872611464968153,0.9904458598726115,1.0,0.9936305732484076,0.9904458598726115,1.0,0.9872611464968153,0.9968152866242038,0.9872611464968153,0.9872611464968153,0.9428571428571428,0.9428571428571428,0.9714285714285714,0.9142857142857143,0.9428571428571428,0.9714285714285714,0.9714285714285714,0.9714285714285714,0.9428571428571428,0.9705882352941176,6.749682188034058,6.5845911502838135,7.235527515411377,6.581393480300903,6.8522398471832275,6.832190990447998,6.7839906215667725,6.71973443031311,6.921357870101929,6.85643196105957
140,31,stack_2,0.9354838709677419,0.967741935483871,0.967741935483871,0.967741935483871,0.967741935483871,0.967741935483871,0.967741935483871,0.967741935483871,0.967741935483871,0.967741935483871,0.8,0.8285714285714286,0.8857142857142857,0.7142857142857143,0.8571428571428571,0.9142857142857143,0.8,0.8,0.8285714285714286,0.8529411764705882,0.14771246910095215,0.12130928039550781,0.12376070022583008,0.12305974960327148,0.1249537467956543,0.12275242805480957,0.12322831153869629,0.12425613403320312,0.12271833419799805,0.12297821044921875
141,62,stack_2,0.967741935483871,0.967741935483871,0.9516129032258065,0.967741935483871,0.967741935483871,0.967741935483871,0.967741935483871,0.967741935483871,0.967741935483871,0.967741935483871,0.8285714285714286,0.8285714285714286,0.9714285714285714,0.6857142857142857,0.7714285714285715,0.9142857142857143,0.8857142857142857,0.8571428571428571,0.8857142857142857,0.7941176470588235,0.15198564529418945,0.15230917930603027,0.14990711212158203,0.15019989013671875,0.15032410621643066,0.1505873203277588,0.14865612983703613,0.15021228790283203,0.15034866333007812,0.15041041374206543
142,94,stack_2,0.9680851063829787,0.9680851063829787,0.9574468085106383,0.9680851063829787,0.9680851063829787,0.9680851063829787,0.9680851063829787,0.9680851063829787,0.9680851063829787,0.9680851063829787,0.8857142857142857,0.8857142857142857,0.9714285714285714,0.7142857142857143,0.8571428571428571,0.9142857142857143,0.9142857142857143,0.8857142857142857,0.8285714285714286,0.7941176470588235,0.1921384334564209,0.19401931762695312,0.19586443901062012,0.19515037536621094,0.1953730583190918,0.19525694847106934,0.1960136890411377,0.19579410552978516,0.19446492195129395,0.19678783416748047
143,125,stack_2,0.968,0.968,0.968,0.976,0.968,0.968,0.968,0.968,0.968,0.968,0.9142857142857143,0.8571428571428571,1.0,0.7714285714285715,0.8571428571428571,0.8857142857142857,0.9142857142857143,0.8857142857142857,0.9142857142857143,0.9117647058823529,0.2521703243255615,0.2520418167114258,0.2513883113861084,0.25142335891723633,0.2526857852935791,0.25591564178466797,0.25046586990356445,0.2514309883117676,0.25090742111206055,0.25025248527526855
144,157,stack_2,0.9617834394904459,0.9681528662420382,0.9554140127388535,0.9745222929936306,0.9681528662420382,0.9681528662420382,0.9681528662420382,0.9745222929936306,0.9681528662420382,0.9681528662420382,0.8857142857142857,0.8857142857142857,1.0,0.8285714285714286,0.8571428571428571,0.9428571428571428,0.9714285714285714,0.9142857142857143,0.9428571428571428,0.9117647058823529,0.3258943557739258,0.32794928550720215,0.3265864849090576,0.328383207321167,0.32665109634399414,0.32574915885925293,0.3261432647705078,0.32592082023620605,0.3263273239135742,0.326324462890625
145,188,stack_2,0.9787234042553191,0.9680851063829787,0.9787234042553191,0.973404255319149,0.9787234042553191,0.9787234042553191,0.9627659574468085,0.9627659574468085,0.9680851063829787,0.9627659574468085,0.8571428571428571,0.8857142857142857,0.9428571428571428,0.8,0.8857142857142857,0.9428571428571428,0.9714285714285714,0.9428571428571428,0.9428571428571428,0.9117647058823529,0.41004204750061035,0.4130821228027344,0.4094879627227783,0.4117569923400879,0.41121530532836914,0.4092860221862793,0.41050100326538086,0.41217041015625,0.41080760955810547,0.4116554260253906
146,219,stack_2,0.9817351598173516,0.9817351598173516,0.9771689497716894,0.9771689497716894,0.9817351598173516,0.9817351598173516,0.9634703196347032,0.9726027397260274,0.9726027397260274,0.9726027397260274,0.8571428571428571,0.8571428571428571,0.9428571428571428,0.8571428571428571,0.8857142857142857,0.9428571428571428,0.9714285714285714,0.9428571428571428,1.0,0.8529411764705882,0.5083539485931396,0.5095186233520508,0.5070836544036865,0.5106887817382812,0.5078263282775879,0.5078644752502441,0.5073516368865967,0.509636640548706,0.5066418647766113,0.5063343048095703
147,251,stack_2,0.9840637450199203,0.9840637450199203,0.9800796812749004,0.9800796812749004,0.9840637450199203,0.9800796812749004,0.9760956175298805,0.9840637450199203,0.9800796812749004,0.9800796812749004,0.8571428571428571,0.8857142857142857,0.9714285714285714,0.8571428571428571,0.8857142857142857,0.9714285714285714,1.0,0.9714285714285714,0.9714285714285714,0.9411764705882353,0.625511646270752,0.6249370574951172,0.618549108505249,0.6234726905822754,0.6239268779754639,0.6240239143371582,0.6205811500549316,0.6228771209716797,0.6195461750030518,0.6208868026733398
148,282,stack_2,0.9858156028368794,0.9858156028368794,0.9822695035460993,0.9787234042553191,0.9858156028368794,0.9822695035460993,0.9822695035460993,0.9893617021276596,0.9822695035460993,0.9822695035460993,0.8571428571428571,0.9142857142857143,1.0,0.8571428571428571,0.9142857142857143,0.9714285714285714,1.0,0.9428571428571428,1.0,0.9411764705882353,0.7525291442871094,0.7532198429107666,0.7402708530426025,0.748589277267456,0.7448477745056152,0.7513868808746338,0.747281551361084,0.751312255859375,0.7431375980377197,0.7438454627990723
149,314,stack_2,0.9872611464968153,0.9840764331210191,0.9840764331210191,0.9840764331210191,0.9872611464968153,0.9840764331210191,0.9808917197452229,0.9840764331210191,0.9840764331210191,0.9840764331210191,0.9428571428571428,0.8571428571428571,1.0,0.9142857142857143,0.9428571428571428,0.9714285714285714,1.0,0.9714285714285714,0.9428571428571428,0.9117647058823529,0.8735334873199463,0.883737325668335,0.8725719451904297,0.8677105903625488,0.87473464012146,0.8751420974731445,0.8765561580657959,0.8777973651885986,0.8755981922149658,0.8844432830810547
150,31,stack_3,1.0,1.0,1.0,1.0,1.0,1.0,1.0,1.0,1.0,1.0,0.8571428571428571,0.9428571428571428,0.9428571428571428,0.9142857142857143,0.8857142857142857,0.8857142857142857,0.8857142857142857,0.8571428571428571,0.8571428571428571,0.8529411764705882,2.768389940261841,2.4297657012939453,2.3999178409576416,2.421272039413452,2.440502405166626,2.4279980659484863,2.4290380477905273,2.441751718521118,2.438814401626587,2.4366915225982666
151,62,stack_3,0.9838709677419355,0.9838709677419355,1.0,1.0,1.0,1.0,1.0,1.0,1.0,1.0,0.8857142857142857,0.9142857142857143,0.9142857142857143,0.9428571428571428,0.9142857142857143,0.8857142857142857,0.8857142857142857,0.9428571428571428,0.8285714285714286,0.8529411764705882,3.0554111003875732,2.7550244331359863,3.046687364578247,3.0431864261627197,3.0371692180633545,3.0478663444519043,3.058389186859131,3.0565543174743652,3.052297353744507,3.0614428520202637
152,94,stack_3,1.0,0.9893617021276596,1.0,0.9893617021276596,0.9893617021276596,0.9893617021276596,0.9893617021276596,0.9893617021276596,0.9893617021276596,0.9893617021276596,0.8857142857142857,0.9142857142857143,0.8857142857142857,0.9714285714285714,0.9142857142857143,0.9142857142857143,0.9142857142857143,0.9142857142857143,0.9142857142857143,0.9117647058823529,3.208906650543213,3.0260837078094482,3.554811716079712,3.1482484340667725,3.128386974334717,3.1315174102783203,3.1397557258605957,3.1353342533111572,3.1346497535705566,3.159611701965332
153,125,stack_3,0.992,0.992,1.0,0.992,0.992,0.992,0.992,0.992,0.992,0.992,0.8571428571428571,0.8571428571428571,0.9142857142857143,0.9142857142857143,0.9142857142857143,0.9142857142857143,0.9714285714285714,1.0,0.9142857142857143,0.9117647058823529,3.4109766483306885,3.3855342864990234,3.774829864501953,3.305189847946167,3.576535701751709,3.5813100337982178,3.595316171646118,3.5819108486175537,3.58207631111145,3.5802488327026367
154,157,stack_3,0.9936305732484076,0.9936305732484076,1.0,0.9936305732484076,0.9936305732484076,0.9936305732484076,0.9936305732484076,0.9936305732484076,0.9936305732484076,0.9936305732484076,0.8571428571428571,0.9142857142857143,0.9142857142857143,0.9142857142857143,0.8857142857142857,0.9428571428571428,0.9714285714285714,1.0,0.8857142857142857,0.9117647058823529,3.781151294708252,3.6264748573303223,4.135708332061768,3.6481056213378906,3.8812928199768066,3.869152784347534,3.8603382110595703,3.884662389755249,3.887226104736328,3.8635714054107666
155,188,stack_3,0.9946808510638298,0.9946808510638298,1.0,0.9946808510638298,0.9946808510638298,0.9946808510638298,0.9946808510638298,0.9946808510638298,0.9946808510638298,0.9946808510638298,0.8571428571428571,0.8285714285714286,0.9428571428571428,0.9142857142857143,0.8857142857142857,0.9142857142857143,0.9714285714285714,0.9714285714285714,0.8857142857142857,0.9411764705882353,3.9982175827026367,3.887066602706909,4.40173077583313,3.9966046810150146,4.138704776763916,4.105292558670044,4.183514595031738,4.168159008026123,4.1734230518341064,4.20944881439209
156,219,stack_3,0.9954337899543378,0.9954337899543378,1.0,0.9954337899543378,0.9954337899543378,0.9954337899543378,0.9954337899543378,0.9954337899543378,0.9954337899543378,0.9954337899543378,0.9142857142857143,0.8571428571428571,0.9428571428571428,0.9142857142857143,0.9428571428571428,0.9714285714285714,0.9714285714285714,1.0,0.9714285714285714,0.9117647058823529,4.6337995529174805,4.440609455108643,5.07404351234436,4.494178771972656,4.941709280014038,4.713464975357056,4.600587844848633,4.518175840377808,4.5415380001068115,4.523395776748657
157,251,stack_3,0.9960159362549801,0.9960159362549801,1.0,0.9960159362549801,0.9960159362549801,0.9960159362549801,0.9960159362549801,0.9960159362549801,0.9960159362549801,0.9960159362549801,0.9142857142857143,0.8857142857142857,0.9428571428571428,0.8857142857142857,0.9428571428571428,1.0,0.9714285714285714,0.9714285714285714,0.9714285714285714,0.8823529411764706,6.210208177566528,6.068027019500732,6.9081456661224365,6.0477211475372314,6.6404736042022705,6.462775945663452,6.396306037902832,5.8591532707214355,5.618444919586182,5.625765800476074
158,282,stack_3,0.9964539007092199,0.9964539007092199,1.0,0.9964539007092199,0.9964539007092199,0.9964539007092199,0.9964539007092199,0.9964539007092199,0.9964539007092199,0.9964539007092199,0.9142857142857143,0.8857142857142857,0.9428571428571428,0.9714285714285714,0.9428571428571428,1.0,0.9428571428571428,0.9428571428571428,1.0,0.9705882352941176,6.284674167633057,6.106412410736084,6.900082349777222,6.044800043106079,6.435072422027588,6.337771415710449,6.282190799713135,6.195627450942993,6.173006534576416,5.573271989822388
159,314,stack_3,0.9968152866242038,0.9968152866242038,1.0,0.9968152866242038,0.9968152866242038,0.9968152866242038,0.9968152866242038,0.9968152866242038,0.9968152866242038,0.9968152866242038,0.9714285714285714,0.9428571428571428,0.9428571428571428,0.9428571428571428,0.9714285714285714,0.9428571428571428,0.9714285714285714,0.9714285714285714,0.9714285714285714,0.9411764705882353,5.780750036239624,5.685573577880859,6.340552568435669,5.698665380477905,5.969180345535278,5.961992025375366,5.866415977478027,5.802536249160767,6.005977630615234,5.940168380737305
