Network,Annotation
MyList,hsa05200|Pathways in cancer|-62.2;WP2261|Glioblastoma signaling pathways|-55.8;hsa05215|Prostate cancer|-50.9
MyList_MCODE_ALL,hsa05200|Pathways in cancer|-63.7;WP2261|Glioblastoma signaling pathways|-58.8;hsa05215|Prostate cancer|-53.9
MyList_SUB1_MCODE_1,R-HSA-9701190|Defective homologous recombination repair (HRR) due to BRCA2 loss of function|-35.5;R-HSA-9675136|Diseases of DNA Double-Strand Break Repair|-35.5;R-HSA-5693579|Homologous DNA Pairing and Strand Exchange|-35.1
MyList_SUB1_MCODE_2,hsa05215|Prostate cancer|-28.7;WP4666|Hepatitis B infection|-25.8;hsa05161|Hepatitis B|-25.4
MyList_SUB1_MCODE_3,WP138|Androgen receptor signaling pathway|-19.4;hsa01522|Endocrine resistance|-16.7;WP4659|Gastrin signaling pathway|-16.0
MyList_SUB1_MCODE_4,hsa05200|Pathways in cancer|-14.6;WP5087|Malignant pleural mesothelioma|-13.3;WP2446|Retinoblastoma gene in cancer|-11.8
MyList_SUB1_MCODE_5,GO:0048729|tissue morphogenesis|-5.8;M11318|MITSIADES RESPONSE TO APLIDIN DN|-5.0;M19488|SENGUPTA NASOPHARYNGEAL CARCINOMA WITH LMP1 UP|-4.3
